method,state,analyte,n,coverage95,width_rel,inside_pop,n_analytes
PopRI,high,A1C,29,0.0,1.0,1.0,
PopRI,high,GLU,33,0.0,1.0,1.0,
PopRI,normal,ALB,28,1.0,1.0,1.0,
PopRI,normal,ALP,31,1.0,1.0,1.0,
PopRI,normal,ALT,24,1.0,1.0,1.0,
PopRI,normal,HDL,30,1.0,1.0,1.0,
PopRI,normal,K,22,1.0,1.0,1.0,
PopRI,normal,LDL,24,1.0,1.0,1.0,
PopRI,normal,MCHC,22,1.0,1.0,1.0,
PopRI,normal,PLT,33,1.0,1.0,1.0,
PopRI,normal,RBC,25,1.0,1.0,1.0,
PopRI,normal,RDW,28,1.0,1.0,1.0,
PopRI,normal,TBIL,32,1.0,1.0,1.0,
PopRI,normal,WBC,47,1.0,1.0,1.0,
PopRI,all,A1C,46,0.3696,1.0,1.0,
PopRI,all,ALB,39,0.7179,1.0,1.0,
PopRI,all,ALP,34,0.9118,1.0,1.0,
PopRI,all,ALT,45,0.5333,1.0,1.0,
PopRI,all,AST,26,0.6923,1.0,1.0,
PopRI,all,BUN,28,0.6071,1.0,1.0,
PopRI,all,CA,27,0.6667,1.0,1.0,
PopRI,all,CL,33,0.4848,1.0,1.0,
PopRI,all,CO2,38,0.4474,1.0,1.0,
PopRI,all,CRE,27,0.5926,1.0,1.0,
PopRI,all,DBIL,27,0.6667,1.0,1.0,
PopRI,all,GLU,39,0.1282,1.0,1.0,
PopRI,all,HCT,22,0.5,1.0,1.0,
PopRI,all,HDL,37,0.8108,1.0,1.0,
PopRI,all,HGB,29,0.5862,1.0,1.0,
PopRI,all,K,31,0.7097,1.0,1.0,
PopRI,all,LDL,37,0.6486,1.0,1.0,
PopRI,all,MCH,35,0.4857,1.0,1.0,
PopRI,all,MCHC,44,0.5,1.0,1.0,
PopRI,all,MCV,28,0.6786,1.0,1.0,
PopRI,all,NA,25,0.68,1.0,1.0,
PopRI,all,PLT,38,0.8684,1.0,1.0,
PopRI,all,RBC,51,0.4902,1.0,1.0,
PopRI,all,RDW,43,0.6512,1.0,1.0,
PopRI,all,TBIL,54,0.5926,1.0,1.0,
PopRI,all,TC,24,0.4583,1.0,1.0,
PopRI,all,TGL,28,0.4286,1.0,1.0,
PopRI,all,TP,24,0.625,1.0,1.0,
PopRI,all,WBC,59,0.7966,1.0,1.0,
PerRI,high,A1C,29,1.0,4.2368,0.232,
PerRI,high,GLU,33,1.0,7.6138,0.1271,
PerRI,normal,ALB,28,1.0,1.4186,0.6903,
PerRI,normal,ALP,31,1.0,1.3281,0.7214,
PerRI,normal,ALT,24,0.9583,2.0258,0.4765,
PerRI,normal,HDL,30,0.9,1.1815,0.798,
PerRI,normal,K,22,0.9545,1.6763,0.5582,
PerRI,normal,LDL,24,0.9583,1.1207,0.6232,
PerRI,normal,MCHC,22,1.0,2.3706,0.4219,
PerRI,normal,PLT,33,0.9697,1.3194,0.6968,
PerRI,normal,RBC,25,0.0,0.0019,0.0,
PerRI,normal,RDW,28,1.0,1.1516,0.6649,
PerRI,normal,TBIL,32,0.9688,1.8852,0.5305,
PerRI,normal,WBC,47,0.9362,1.4937,0.6561,
PerRI,all,A1C,46,0.913,4.2368,0.23,
PerRI,all,ALB,39,0.9487,1.4394,0.6197,
PerRI,all,ALP,34,1.0,1.3281,0.7214,
PerRI,all,ALT,45,0.9333,1.9849,0.4849,
PerRI,all,AST,26,0.9231,1.7658,0.5273,
PerRI,all,BUN,28,1.0,1.876,0.5346,
PerRI,all,CA,27,0.7778,2.2002,0.4545,
PerRI,all,CL,33,0.8788,1.9007,0.5261,
PerRI,all,CO2,38,0.8421,2.5003,0.3999,
PerRI,all,CRE,27,1.0,2.206,0.4507,
PerRI,all,DBIL,27,0.9259,2.168,0.4613,
PerRI,all,GLU,39,0.9744,7.8665,0.1214,
PerRI,all,HCT,22,0.9545,2.1864,0.4574,
PerRI,all,HDL,37,0.9189,1.2078,0.7036,
PerRI,all,HGB,29,0.9655,2.0912,0.3912,
PerRI,all,K,31,0.9355,1.6763,0.5687,
PerRI,all,LDL,37,0.9189,1.1165,0.6232,
PerRI,all,MCH,35,0.8286,2.0157,0.4514,
PerRI,all,MCHC,44,0.9545,2.2748,0.4399,
PerRI,all,MCV,28,0.8214,1.4012,0.7101,
PerRI,all,NA,25,1.0,1.9767,0.5059,
PerRI,all,PLT,38,0.9474,1.3336,0.6948,
PerRI,all,RBC,51,0.0,0.002,0.0,
PerRI,all,RDW,43,1.0,1.1351,0.6699,
PerRI,all,TBIL,54,0.9444,1.911,0.5233,
PerRI,all,TC,24,1.0,1.6264,0.5442,
PerRI,all,TGL,28,1.0,2.6126,0.3715,
PerRI,all,TP,24,0.875,1.997,0.4937,
PerRI,all,WBC,59,0.9153,1.4937,0.6561,
Cohen_m2,high,A1C,29,0.2759,0.6374,0.1195,
Cohen_m2,high,GLU,33,0.0303,1.7181,0.5821,
Cohen_m2,normal,ALB,28,0.5357,0.5035,1.0,
Cohen_m2,normal,ALP,31,0.5484,0.753,1.0,
Cohen_m2,normal,ALT,24,0.875,1.2336,0.7769,
Cohen_m2,normal,HDL,30,0.7,0.5835,1.0,
Cohen_m2,normal,K,22,0.7727,0.9975,0.7223,
Cohen_m2,normal,LDL,24,0.7083,0.6615,0.6893,
Cohen_m2,normal,MCHC,22,1.0,1.2401,0.5741,
Cohen_m2,normal,PLT,33,0.5455,0.5804,1.0,
Cohen_m2,normal,RBC,25,0.68,0.7543,0.8729,
Cohen_m2,normal,RDW,28,0.6429,0.5058,0.8592,
Cohen_m2,normal,TBIL,32,0.7188,1.2354,0.7878,
Cohen_m2,normal,WBC,47,1.0,1.5191,0.6583,
Cohen_m2,all,A1C,46,0.1957,0.6374,0.1328,
Cohen_m2,all,ALB,39,0.4103,0.5035,1.0,
Cohen_m2,all,ALP,34,0.5294,0.753,1.0,
Cohen_m2,all,ALT,45,0.6889,1.2336,0.7591,
Cohen_m2,all,AST,26,0.5769,0.9165,0.9506,
Cohen_m2,all,BUN,28,0.7857,1.1983,0.8263,
Cohen_m2,all,CA,27,0.5185,0.907,0.8445,
Cohen_m2,all,CL,33,0.5758,1.2736,0.7852,
Cohen_m2,all,CO2,38,0.7895,1.7712,0.5646,
Cohen_m2,all,CRE,27,0.5556,0.7902,0.8042,
Cohen_m2,all,DBIL,27,0.8889,1.7422,0.574,
Cohen_m2,all,GLU,39,0.1795,1.7181,0.5821,
Cohen_m2,all,HCT,22,0.6818,1.2737,0.7558,
Cohen_m2,all,HDL,37,0.7027,0.5835,1.0,
Cohen_m2,all,HGB,29,0.3793,0.9082,0.6349,
Cohen_m2,all,K,31,0.6452,0.9975,0.7577,
Cohen_m2,all,LDL,37,0.7297,0.6615,0.688,
Cohen_m2,all,MCH,35,0.4286,0.9421,0.7261,
Cohen_m2,all,MCHC,44,0.75,1.2401,0.5832,
Cohen_m2,all,MCV,28,0.3929,0.5865,1.0,
Cohen_m2,all,NA,25,0.72,1.0203,0.7869,
Cohen_m2,all,PLT,38,0.4737,0.5804,1.0,
Cohen_m2,all,RBC,51,0.451,0.7543,0.7972,
Cohen_m2,all,RDW,43,0.5349,0.5058,0.8904,
Cohen_m2,all,TBIL,54,0.5926,1.2354,0.8061,
Cohen_m2,all,TC,24,0.5833,0.9498,0.6438,
Cohen_m2,all,TGL,28,0.7857,1.3406,0.66,
Cohen_m2,all,TP,24,0.4167,0.7844,1.0,
Cohen_m2,all,WBC,59,0.9831,1.5191,0.6583,
Cohen_m3,high,A1C,29,0.1379,0.6104,0.3861,
Cohen_m3,high,GLU,33,0.0909,1.6922,0.591,
Cohen_m3,normal,ALB,28,0.5,0.5203,1.0,
Cohen_m3,normal,ALP,31,0.4839,0.7439,1.0,
Cohen_m3,normal,ALT,24,0.8333,1.1877,0.6543,
Cohen_m3,normal,HDL,30,0.6333,0.5823,1.0,
Cohen_m3,normal,K,22,0.8636,1.0521,0.7335,
Cohen_m3,normal,LDL,24,0.9167,0.6272,0.8037,
Cohen_m3,normal,MCHC,22,1.0,1.2063,0.5719,
Cohen_m3,normal,PLT,33,0.5758,0.59,1.0,
Cohen_m3,normal,RBC,25,0.68,0.7628,0.8743,
Cohen_m3,normal,RDW,28,0.4643,0.4878,0.8533,
Cohen_m3,normal,TBIL,32,0.8438,1.0824,0.8775,
Cohen_m3,normal,WBC,47,0.9787,1.5302,0.6535,
Cohen_m3,all,A1C,46,0.1522,0.6104,0.3536,
Cohen_m3,all,ALB,39,0.3846,0.5203,1.0,
Cohen_m3,all,ALP,34,0.5,0.7439,0.9745,
Cohen_m3,all,ALT,45,0.7111,1.1877,0.6043,
Cohen_m3,all,AST,26,0.6154,0.9399,0.9328,
Cohen_m3,all,BUN,28,0.6429,1.1816,0.8131,
Cohen_m3,all,CA,27,0.5185,0.9201,0.872,
Cohen_m3,all,CL,33,0.5758,1.2675,0.789,
Cohen_m3,all,CO2,38,0.6316,1.7061,0.5861,
Cohen_m3,all,CRE,27,0.6296,0.7661,0.8674,
Cohen_m3,all,DBIL,27,1.0,2.0412,0.4899,
Cohen_m3,all,GLU,39,0.2051,1.6922,0.591,
Cohen_m3,all,HCT,22,0.5455,1.2713,0.7086,
Cohen_m3,all,HDL,37,0.6216,0.5823,0.9723,
Cohen_m3,all,HGB,29,0.4138,0.8812,0.6872,
Cohen_m3,all,K,31,0.7097,1.0521,0.7335,
Cohen_m3,all,LDL,37,0.7568,0.6272,0.7664,
Cohen_m3,all,MCH,35,0.4286,0.9034,0.79,
Cohen_m3,all,MCHC,44,0.75,1.2063,0.615,
Cohen_m3,all,MCV,28,0.3929,0.5964,1.0,
Cohen_m3,all,NA,25,0.72,1.0231,0.8485,
Cohen_m3,all,PLT,38,0.5,0.59,1.0,
Cohen_m3,all,RBC,51,0.3922,0.7628,0.811,
Cohen_m3,all,RDW,43,0.4651,0.4878,0.8533,
Cohen_m3,all,TBIL,54,0.5741,1.0824,0.8786,
Cohen_m3,all,TC,24,0.6667,0.9316,0.7344,
Cohen_m3,all,TGL,28,0.6429,1.2663,0.6649,
Cohen_m3,all,TP,24,0.375,0.715,1.0,
Cohen_m3,all,WBC,59,0.9322,1.5302,0.6535,
Cohen_m4,high,A1C,29,0.1379,0.5596,0.3432,
Cohen_m4,high,GLU,33,0.1212,1.695,0.5281,
Cohen_m4,normal,ALB,28,0.6071,0.4852,1.0,
Cohen_m4,normal,ALP,31,0.4516,0.6866,1.0,
Cohen_m4,normal,ALT,24,0.625,1.1343,0.4905,
Cohen_m4,normal,HDL,30,0.6333,0.5537,1.0,
Cohen_m4,normal,K,22,0.8636,0.9135,0.883,
Cohen_m4,normal,LDL,24,0.875,0.6109,0.9009,
Cohen_m4,normal,MCHC,22,0.9545,1.1804,0.5635,
Cohen_m4,normal,PLT,33,0.5152,0.5488,1.0,
Cohen_m4,normal,RBC,25,0.6,0.7267,0.8779,
Cohen_m4,normal,RDW,28,0.5357,0.4565,0.7743,
Cohen_m4,normal,TBIL,32,0.8438,1.0097,0.8571,
Cohen_m4,normal,WBC,47,0.9574,1.5317,0.6529,
Cohen_m4,all,A1C,46,0.1522,0.5596,0.3379,
Cohen_m4,all,ALB,39,0.4359,0.4852,1.0,
Cohen_m4,all,ALP,34,0.4118,0.6866,1.0,
Cohen_m4,all,ALT,45,0.5778,1.1343,0.4932,
Cohen_m4,all,AST,26,0.6923,0.8738,0.9686,
Cohen_m4,all,BUN,28,0.6786,1.1526,0.7335,
Cohen_m4,all,CA,27,0.4444,0.8274,0.8579,
Cohen_m4,all,CL,33,0.5758,1.2355,0.8094,
Cohen_m4,all,CO2,38,0.6579,1.6746,0.5972,
Cohen_m4,all,CRE,27,0.6296,0.8504,0.8159,
Cohen_m4,all,DBIL,27,0.8889,1.9691,0.5079,
Cohen_m4,all,GLU,39,0.2051,1.695,0.5281,
Cohen_m4,all,HCT,22,0.5455,1.1935,0.6787,
Cohen_m4,all,HDL,37,0.5676,0.5537,1.0,
Cohen_m4,all,HGB,29,0.2759,0.8302,0.6036,
Cohen_m4,all,K,31,0.6129,0.9135,0.883,
Cohen_m4,all,LDL,37,0.7568,0.6109,0.8319,
Cohen_m4,all,MCH,35,0.4,0.8189,0.8233,
Cohen_m4,all,MCHC,44,0.7273,1.1804,0.6164,
Cohen_m4,all,MCV,28,0.25,0.522,1.0,
Cohen_m4,all,NA,25,0.72,0.9895,0.8621,
Cohen_m4,all,PLT,38,0.4474,0.5488,1.0,
Cohen_m4,all,RBC,51,0.3725,0.7267,0.8754,
Cohen_m4,all,RDW,43,0.4186,0.4565,0.8066,
Cohen_m4,all,TBIL,54,0.5926,1.0097,0.8579,
Cohen_m4,all,TC,24,0.625,0.8733,0.7075,
Cohen_m4,all,TGL,28,0.75,1.2877,0.7017,
Cohen_m4,all,TP,24,0.3333,0.6997,1.0,
Cohen_m4,all,WBC,59,0.9492,1.5317,0.6529,
Gaussian_mle,high,A1C,29,0.069,1.0,0.9138,
Gaussian_mle,high,GLU,33,0.0,1.0,1.0,
Gaussian_mle,normal,ALB,28,0.9643,1.0173,0.9223,
Gaussian_mle,normal,ALP,31,1.0,1.212,0.8251,
Gaussian_mle,normal,ALT,24,0.9167,1.1927,0.8028,
Gaussian_mle,normal,HDL,30,0.9,1.0131,0.8821,
Gaussian_mle,normal,K,22,0.7273,1.3338,0.7498,
Gaussian_mle,normal,LDL,24,0.9583,0.6291,0.9922,
Gaussian_mle,normal,MCHC,22,0.9545,1.0,0.8841,
Gaussian_mle,normal,PLT,33,0.9697,1.0095,0.844,
Gaussian_mle,normal,RBC,25,0.76,0.9932,1.0,
Gaussian_mle,normal,RDW,28,0.8929,0.7504,0.9764,
Gaussian_mle,normal,TBIL,32,0.8125,1.2373,0.8059,
Gaussian_mle,normal,WBC,47,0.9149,1.2138,0.8147,
Gaussian_mle,all,A1C,46,0.3696,1.0,0.9138,
Gaussian_mle,all,ALB,39,0.7949,1.0438,0.8752,
Gaussian_mle,all,ALP,34,1.0,1.212,0.8251,
Gaussian_mle,all,ALT,45,0.5778,1.1617,0.8028,
Gaussian_mle,all,AST,26,0.5769,0.9301,0.8855,
Gaussian_mle,all,BUN,28,0.6786,1.0915,0.8752,
Gaussian_mle,all,CA,27,0.6667,1.0,1.0,
Gaussian_mle,all,CL,33,0.5152,1.0049,0.8862,
Gaussian_mle,all,CO2,38,0.4737,1.0,0.8698,
Gaussian_mle,all,CRE,27,0.5926,0.8998,0.8665,
Gaussian_mle,all,DBIL,27,0.4815,0.9702,0.8458,
Gaussian_mle,all,GLU,39,0.1282,1.0,1.0,
Gaussian_mle,all,HCT,22,0.5909,0.9254,0.9024,
Gaussian_mle,all,HDL,37,0.8919,1.0909,0.8678,
Gaussian_mle,all,HGB,29,0.5862,0.8279,0.8372,
Gaussian_mle,all,K,31,0.6774,1.3438,0.7442,
Gaussian_mle,all,LDL,37,0.7027,0.6827,0.9892,
Gaussian_mle,all,MCH,35,0.4571,1.1535,0.8088,
Gaussian_mle,all,MCHC,44,0.6136,0.9886,0.9139,
Gaussian_mle,all,MCV,28,0.6429,0.98,0.865,
Gaussian_mle,all,NA,25,0.72,1.2318,0.7936,
Gaussian_mle,all,PLT,38,0.8947,1.0734,0.844,
Gaussian_mle,all,RBC,51,0.4902,1.0,0.9538,
Gaussian_mle,all,RDW,43,0.6744,0.7529,0.9594,
Gaussian_mle,all,TBIL,54,0.6481,1.2321,0.8069,
Gaussian_mle,all,TC,24,0.5,0.7549,0.9562,
Gaussian_mle,all,TGL,28,0.25,0.7919,0.8787,
Gaussian_mle,all,TP,24,0.6667,1.2104,0.7125,
Gaussian_mle,all,WBC,59,0.8814,1.3031,0.7674,
Gaussian_trunc,high,A1C,29,0.2414,1.0,0.9274,
Gaussian_trunc,high,GLU,33,0.0606,1.0,1.0,
Gaussian_trunc,normal,ALB,28,0.8214,1.0274,0.7288,
Gaussian_trunc,normal,ALP,31,0.8387,4.4521,0.2246,
Gaussian_trunc,normal,ALT,24,0.5417,3.6539,0.106,
Gaussian_trunc,normal,HDL,30,0.7,1.3708,0.6846,
Gaussian_trunc,normal,K,22,0.2727,5.7369,0.0562,
Gaussian_trunc,normal,LDL,24,0.9167,0.6172,0.9781,
Gaussian_trunc,normal,MCHC,22,0.7727,1.0268,0.8045,
Gaussian_trunc,normal,PLT,33,0.6061,1.1564,0.6765,
Gaussian_trunc,normal,RBC,25,0.64,1.0,1.0,
Gaussian_trunc,normal,RDW,28,0.8929,0.737,0.9771,
Gaussian_trunc,normal,TBIL,32,0.5312,4.9105,0.0983,
Gaussian_trunc,normal,WBC,47,0.5957,4.8137,0.1224,
Gaussian_trunc,all,A1C,46,0.4348,1.0,0.9637,
Gaussian_trunc,all,ALB,39,0.6154,1.0274,0.7288,
Gaussian_trunc,all,ALP,34,0.8235,4.4521,0.2246,
Gaussian_trunc,all,ALT,45,0.3778,1.4295,0.106,
Gaussian_trunc,all,AST,26,0.4615,1.1367,0.7506,
Gaussian_trunc,all,BUN,28,0.6429,1.1833,0.6366,
Gaussian_trunc,all,CA,27,0.4444,1.0,0.9981,
Gaussian_trunc,all,CL,33,0.3939,1.0,0.8779,
Gaussian_trunc,all,CO2,38,0.5263,1.0,0.7474,
Gaussian_trunc,all,CRE,27,0.4815,0.8503,0.832,
Gaussian_trunc,all,DBIL,27,0.5185,1.1036,0.7027,
Gaussian_trunc,all,GLU,39,0.1795,1.0,1.0,
Gaussian_trunc,all,HCT,22,0.4545,0.9696,0.9043,
Gaussian_trunc,all,HDL,37,0.6486,1.4606,0.5841,
Gaussian_trunc,all,HGB,29,0.4138,0.8463,0.5204,
Gaussian_trunc,all,K,31,0.3871,5.9711,0.0562,
Gaussian_trunc,all,LDL,37,0.7027,0.6499,0.9726,
Gaussian_trunc,all,MCH,35,0.4,1.4075,0.5954,
Gaussian_trunc,all,MCHC,44,0.4773,1.0,0.8543,
Gaussian_trunc,all,MCV,28,0.5357,1.6197,0.5069,
Gaussian_trunc,all,NA,25,0.56,5.1032,0.1138,
Gaussian_trunc,all,PLT,38,0.5789,1.7444,0.5526,
Gaussian_trunc,all,RBC,51,0.451,1.0037,0.9071,
Gaussian_trunc,all,RDW,43,0.7442,0.7819,0.9389,
Gaussian_trunc,all,TBIL,54,0.537,4.9105,0.1013,
Gaussian_trunc,all,TC,24,0.5,0.7024,0.9492,
Gaussian_trunc,all,TGL,28,0.1786,0.7586,0.8576,
Gaussian_trunc,all,TP,24,0.5,3.9829,0.0796,
Gaussian_trunc,all,WBC,59,0.5932,4.8137,0.096,
Gaussian_eb,high,A1C,29,0.0,1.0,1.0,
Gaussian_eb,high,GLU,33,0.0,1.0,1.0,
Gaussian_eb,normal,ALB,28,1.0,1.0,1.0,
Gaussian_eb,normal,ALP,31,1.0,1.0,1.0,
Gaussian_eb,normal,ALT,24,1.0,1.0,1.0,
Gaussian_eb,normal,HDL,30,1.0,1.0,1.0,
Gaussian_eb,normal,K,22,1.0,1.0,1.0,
Gaussian_eb,normal,LDL,24,1.0,1.0,1.0,
Gaussian_eb,normal,MCHC,22,1.0,1.0,1.0,
Gaussian_eb,normal,PLT,33,1.0,1.0,1.0,
Gaussian_eb,normal,RBC,25,1.0,1.0,1.0,
Gaussian_eb,normal,RDW,28,1.0,1.0,1.0,
Gaussian_eb,normal,TBIL,32,1.0,1.0,1.0,
Gaussian_eb,normal,WBC,47,1.0,1.0,1.0,
Gaussian_eb,all,A1C,46,0.3696,1.0,1.0,
Gaussian_eb,all,ALB,39,0.7179,1.0,1.0,
Gaussian_eb,all,ALP,34,0.9118,1.0,1.0,
Gaussian_eb,all,ALT,45,0.5333,1.0,1.0,
Gaussian_eb,all,AST,26,0.6923,1.0,1.0,
Gaussian_eb,all,BUN,28,0.6071,1.0,1.0,
Gaussian_eb,all,CA,27,0.6667,1.0,1.0,
Gaussian_eb,all,CL,33,0.4848,1.0,1.0,
Gaussian_eb,all,CO2,38,0.4474,1.0,1.0,
Gaussian_eb,all,CRE,27,0.5926,1.0,1.0,
Gaussian_eb,all,DBIL,27,0.6667,1.0,1.0,
Gaussian_eb,all,GLU,39,0.1282,1.0,1.0,
Gaussian_eb,all,HCT,22,0.5,1.0,1.0,
Gaussian_eb,all,HDL,37,0.8108,1.0,1.0,
Gaussian_eb,all,HGB,29,0.5862,1.0,1.0,
Gaussian_eb,all,K,31,0.7097,1.0,1.0,
Gaussian_eb,all,LDL,37,0.6486,1.0,1.0,
Gaussian_eb,all,MCH,35,0.4857,1.0,1.0,
Gaussian_eb,all,MCHC,44,0.5,1.0,1.0,
Gaussian_eb,all,MCV,28,0.6786,1.0,1.0,
Gaussian_eb,all,NA,25,0.68,1.0,1.0,
Gaussian_eb,all,PLT,38,0.8684,1.0,1.0,
Gaussian_eb,all,RBC,51,0.4902,1.0,1.0,
Gaussian_eb,all,RDW,43,0.6512,1.0,1.0,
Gaussian_eb,all,TBIL,54,0.5926,1.0,1.0,
Gaussian_eb,all,TC,24,0.4583,1.0,1.0,
Gaussian_eb,all,TGL,28,0.4286,1.0,1.0,
Gaussian_eb,all,TP,24,0.625,1.0,1.0,
Gaussian_eb,all,WBC,59,0.7966,1.0,1.0,
NORMA_q_age_set,high,A1C,29,0.3448,3.4922,0.2864,
NORMA_q_age_set,high,GLU,33,0.0909,3.409,0.2933,
NORMA_q_age_set,normal,ALB,28,1.0,1.387,0.6757,
NORMA_q_age_set,normal,ALP,31,0.871,1.0853,0.8282,
NORMA_q_age_set,normal,ALT,24,0.8333,1.1322,0.7963,
NORMA_q_age_set,normal,HDL,30,1.0,1.046,0.8987,
NORMA_q_age_set,normal,K,22,0.9545,1.1198,0.893,
NORMA_q_age_set,normal,LDL,24,0.9583,0.8302,1.0,
NORMA_q_age_set,normal,MCHC,22,1.0,1.1541,0.8616,
NORMA_q_age_set,normal,PLT,33,0.8788,0.9819,0.9404,
NORMA_q_age_set,normal,RBC,25,0.88,1.2478,0.799,
NORMA_q_age_set,normal,RDW,28,1.0,0.9946,0.9159,
NORMA_q_age_set,normal,TBIL,32,0.9375,1.0542,0.8356,
NORMA_q_age_set,normal,WBC,47,0.8936,1.181,0.8467,
NORMA_q_age_set,all,A1C,46,0.587,3.5918,0.2786,
NORMA_q_age_set,all,ALB,39,0.7436,1.4454,0.6507,
NORMA_q_age_set,all,ALP,34,0.8235,1.0853,0.8282,
NORMA_q_age_set,all,ALT,45,0.5111,1.2184,0.772,
NORMA_q_age_set,all,AST,26,0.5769,1.0051,0.7995,
NORMA_q_age_set,all,BUN,28,0.8214,1.1702,0.8476,
NORMA_q_age_set,all,CA,27,0.7037,1.3587,0.736,
NORMA_q_age_set,all,CL,33,0.5152,1.1743,0.7817,
NORMA_q_age_set,all,CO2,38,0.7105,1.5023,0.6656,
NORMA_q_age_set,all,CRE,27,0.7037,1.1996,0.7958,
NORMA_q_age_set,all,DBIL,27,0.7037,1.1386,0.8129,
NORMA_q_age_set,all,GLU,39,0.2308,3.409,0.2933,
NORMA_q_age_set,all,HCT,22,0.6818,1.3508,0.6307,
NORMA_q_age_set,all,HDL,37,0.8649,1.1018,0.86,
NORMA_q_age_set,all,HGB,29,0.6207,1.3499,0.6664,
NORMA_q_age_set,all,K,31,0.8065,1.1198,0.893,
NORMA_q_age_set,all,LDL,37,0.6486,0.8302,1.0,
NORMA_q_age_set,all,MCH,35,0.6571,1.3123,0.762,
NORMA_q_age_set,all,MCHC,44,0.6591,1.1541,0.859,
NORMA_q_age_set,all,MCV,28,0.8571,1.3524,0.7336,
NORMA_q_age_set,all,NA,25,0.68,1.0088,0.8885,
NORMA_q_age_set,all,PLT,38,0.8158,0.9819,0.9134,
NORMA_q_age_set,all,RBC,51,0.6078,1.2732,0.734,
NORMA_q_age_set,all,RDW,43,0.7442,0.9517,0.9248,
NORMA_q_age_set,all,TBIL,54,0.6852,1.1259,0.8251,
NORMA_q_age_set,all,TC,24,0.4583,1.124,0.7809,
NORMA_q_age_set,all,TGL,28,0.3214,1.2955,0.7713,
NORMA_q_age_set,all,TP,24,0.625,1.0146,0.8717,
NORMA_q_age_set,all,WBC,59,0.8136,1.2476,0.7332,
Cohen_m2,all,median,1018,0.5769,0.9421,0.7852,29.0
Cohen_m2,high,median,62,0.1530999999999999,1.17775,0.3508,2.0
Cohen_m2,normal,median,346,0.70415,0.7536499999999999,0.8234999999999999,12.0
Cohen_m3,all,median,1018,0.5758,0.9316,0.79,29.0
Cohen_m3,high,median,62,0.1144,1.1513,0.48855,2.0
Cohen_m3,normal,median,346,0.75665,0.75335,0.8637999999999999,12.0
Cohen_m4,all,median,1018,0.5758,0.8733,0.8159,29.0
Cohen_m4,high,median,62,0.12955,1.1273,0.43565,2.0
Cohen_m4,normal,median,346,0.62915,0.70665,0.88045,12.0
Gaussian_eb,all,median,1018,0.6071,1.0,1.0,29.0
Gaussian_eb,high,median,62,0.0,1.0,1.0,2.0
Gaussian_eb,normal,median,346,1.0,1.0,1.0,12.0
Gaussian_mle,all,median,1018,0.6136,1.0,0.8698,29.0
Gaussian_mle,high,median,62,0.0345,1.0,0.9569,2.0
Gaussian_mle,normal,median,346,0.9158,1.0152,0.86305,12.0
Gaussian_trunc,all,median,1018,0.5,1.0274,0.7288,29.0
Gaussian_trunc,high,median,62,0.151,1.0,0.9637,2.0
Gaussian_trunc,normal,median,346,0.6699999999999999,1.2636,0.68055,12.0
NORMA_q_age_set,all,median,1018,0.6818,1.1743,0.7817,29.0
NORMA_q_age_set,high,median,62,0.21785,3.4506,0.28985,2.0
NORMA_q_age_set,normal,median,346,0.946,1.10255,0.85415,12.0
PerRI,all,median,1018,0.9355,1.911,0.5059,29.0
PerRI,high,median,62,1.0,5.9253,0.17955,2.0
PerRI,normal,median,346,0.96355,1.37335,0.63965,12.0
PopRI,all,median,1018,0.6071,1.0,1.0,29.0
PopRI,high,median,62,0.0,1.0,1.0,2.0
PopRI,normal,median,346,1.0,1.0,1.0,12.0
