subset,analyte,method,outcome,exposure,encoding,level,n,n_events,HR,HR_lower,HR_upper,p_value,p_fdr
all,A1C,PopRI,mortality,first,binary,abnormal,15862.0,5197.0,0.84,0.65,1.09,0.1861402303731213,0.2131170753547331
all,A1C,PerRI,mortality,first,binary,abnormal,15862.0,5197.0,0.58,0.54,0.63,1.2332477872860215e-43,3.2475525065198567e-43
all,A1C,NORMA,mortality,first,binary,abnormal,15862.0,5197.0,0.82,0.65,1.03,0.091048662990026,0.1123881933783133
all,ALB,PopRI,mortality,first,binary,abnormal,22688.0,7036.0,4.15,3.83,4.49,1.023511063612194e-269,4.042868701268167e-268
all,ALB,PerRI,mortality,first,binary,abnormal,22688.0,7036.0,1.21,1.1,1.33,8.30176645146654e-05,0.0001237433112577
all,ALB,NORMA,mortality,first,binary,abnormal,22688.0,7036.0,3.11,2.8,3.46,4.823651972358524e-98,2.721917898688024e-97
all,ALP,PopRI,mortality,first,binary,abnormal,33770.0,9358.0,2.05,1.94,2.17,3.359182593656426e-139,5.307508497977153e-138
all,ALP,PerRI,mortality,first,binary,abnormal,33770.0,9358.0,0.96,0.87,1.05,0.3947995738528539,0.4214752207348035
all,ALP,NORMA,mortality,first,binary,abnormal,33770.0,9358.0,2.01,1.86,2.18,1.3499522300680617e-66,4.63679244240769e-66
all,ALT,PopRI,mortality,first,binary,abnormal,42090.0,11112.0,2.08,1.95,2.22,1.3442123262030324e-108,9.653888524549052e-108
all,ALT,PerRI,mortality,first,binary,abnormal,42090.0,11112.0,0.94,0.86,1.03,0.178735887539829,0.2076490458183308
all,ALT,NORMA,mortality,first,binary,abnormal,42090.0,11112.0,1.35,1.27,1.43,3.606694458299317e-23,7.498127952780158e-23
all,AST,PopRI,mortality,first,binary,abnormal,42160.0,11104.0,1.85,1.76,1.94,2.1067087740312136e-135,2.773833219141098e-134
all,AST,PerRI,mortality,first,binary,abnormal,42160.0,11104.0,1.02,0.94,1.12,0.6577207872005647,0.674804444010969
all,AST,NORMA,mortality,first,binary,abnormal,42160.0,11104.0,1.55,1.47,1.65,4.976054048182152e-50,1.4559565548384817e-49
all,BUN,PopRI,mortality,first,binary,abnormal,44967.0,11979.0,2.82,2.53,3.15,9.532397252584896e-77,3.5859970616866974e-76
all,BUN,PerRI,mortality,first,binary,abnormal,44967.0,11979.0,0.81,0.75,0.88,2.3718024026010765e-07,3.8239263225609193e-07
all,BUN,NORMA,mortality,first,binary,abnormal,44967.0,11979.0,2.58,2.31,2.87,1.122428640589695e-65,3.694660941941078e-65
all,CA,PopRI,mortality,first,binary,abnormal,26577.0,7813.0,1.93,1.81,2.07,3.4842452790199834e-82,1.6191492767210512e-81
all,CA,PerRI,mortality,first,binary,abnormal,26577.0,7813.0,1.08,0.99,1.17,0.0709299307041976,0.0903784600908324
all,CA,NORMA,mortality,first,binary,abnormal,26577.0,7813.0,1.88,1.73,2.05,3.735608716565552e-48,1.0176313400299262e-47
all,CL,PopRI,mortality,first,binary,abnormal,1410.0,512.0,3.57,1.67,7.61,0.001004899407576,0.0014434009672455
all,CL,PerRI,mortality,first,binary,abnormal,1410.0,512.0,1.9,0.97,3.71,0.0607136523429115,0.078629156312951
all,CL,NORMA,mortality,first,binary,abnormal,1410.0,512.0,4.1,1.82,9.27,0.0006798635821546,0.0009946152405595
all,CRE,PopRI,mortality,first,binary,abnormal,48886.0,12707.0,3.0,2.82,3.18,2.2087225675380715e-281,1.7448908283550765e-279
all,CRE,PerRI,mortality,first,binary,abnormal,48886.0,12707.0,1.04,0.97,1.12,0.2849570616682536,0.3083781900245484
all,CRE,NORMA,mortality,first,binary,abnormal,48886.0,12707.0,3.3,3.07,3.54,9.64381468582861e-237,2.5395378672682004e-235
all,GLU,PopRI,mortality,first,binary,abnormal,48214.0,12238.0,1.6,1.39,1.85,1.158528160331848e-10,2.1284587131678132e-10
all,GLU,PerRI,mortality,first,binary,abnormal,48214.0,12238.0,0.77,0.7,0.84,1.915480457567357e-08,3.21963736484726e-08
all,GLU,NORMA,mortality,first,binary,abnormal,48214.0,12238.0,1.61,1.38,1.86,3.99531846149586e-10,7.01400352129273e-10
all,HCT,PopRI,mortality,first,binary,abnormal,51711.0,12627.0,3.6,3.15,4.12,4.542063424077862e-78,1.8885421605376385e-77
all,HCT,PerRI,mortality,first,binary,abnormal,51711.0,12627.0,0.79,0.73,0.86,1.718426922803547e-08,2.951211454380005e-08
all,HCT,NORMA,mortality,first,binary,abnormal,51711.0,12627.0,3.36,2.86,3.94,9.424347886126144e-50,2.6590124392998763e-49
all,HDL,PopRI,mortality,first,binary,abnormal,34667.0,8826.0,1.68,1.56,1.81,1.3048512625941182e-42,3.325266120804366e-42
all,HDL,PerRI,mortality,first,binary,abnormal,34667.0,8826.0,0.73,0.67,0.81,7.96233917450028e-11,1.4976780828226718e-10
all,HDL,NORMA,mortality,first,binary,abnormal,34667.0,8826.0,1.72,1.57,1.89,2.086382491114312e-30,4.5784504666119626e-30
all,HGB,PopRI,mortality,first,binary,abnormal,51700.0,12630.0,3.7,3.32,4.12,9.504274270307906e-125,8.342640748381385e-124
all,HGB,PerRI,mortality,first,binary,abnormal,51700.0,12630.0,0.83,0.77,0.9,2.840889912757329e-06,4.31596736745825e-06
all,HGB,NORMA,mortality,first,binary,abnormal,51700.0,12630.0,3.72,3.24,4.26,5.609157102602072e-79,2.461796728364243e-78
all,K,PopRI,mortality,first,binary,abnormal,43032.0,11869.0,1.63,1.53,1.73,8.573340420335746e-55,2.7091755728260947e-54
all,K,PerRI,mortality,first,binary,abnormal,43032.0,11869.0,1.07,0.99,1.15,0.0766669252205886,0.0961378903559762
all,K,NORMA,mortality,first,binary,abnormal,43032.0,11869.0,1.69,1.56,1.83,5.422713733120554e-38,1.2599834850485994e-37
all,LDL,PopRI,mortality,first,binary,abnormal,39510.0,10155.0,0.81,0.77,0.85,6.448899125223519e-17,1.2425927582747755e-16
all,LDL,PerRI,mortality,first,binary,abnormal,39510.0,10155.0,0.74,0.69,0.79,2.7539449558879413e-18,5.439041287878685e-18
all,LDL,NORMA,mortality,first,binary,abnormal,39510.0,10155.0,0.87,0.82,0.92,2.0937338512077285e-06,3.243234789125697e-06
all,MCH,PopRI,mortality,first,binary,abnormal,46912.0,11640.0,2.04,1.89,2.2,1.2881252900955447e-75,4.625540814434001e-75
all,MCH,PerRI,mortality,first,binary,abnormal,46912.0,11640.0,0.98,0.91,1.07,0.6248783644104096,0.6495446156371363
all,MCH,NORMA,mortality,first,binary,abnormal,46912.0,11640.0,2.18,1.9,2.5,8.792455593483927e-29,1.8773080861762982e-28
all,MCHC,PopRI,mortality,first,binary,abnormal,51682.0,12633.0,1.2,0.89,1.61,0.2279330999519571,0.2572387842314944
all,MCHC,PerRI,mortality,first,binary,abnormal,51682.0,12633.0,0.96,0.9,1.03,0.2355991548492099,0.2585046282373275
all,MCHC,NORMA,mortality,first,binary,abnormal,51682.0,12633.0,0.99,0.76,1.28,0.9397567664606762,0.9397567664606762
all,MCV,PopRI,mortality,first,binary,abnormal,51414.0,12577.0,1.7,1.62,1.78,4.470013951992447e-108,2.942759185061694e-107
all,MCV,PerRI,mortality,first,binary,abnormal,51414.0,12577.0,0.9,0.83,0.97,0.0080557918777093,0.0109725441092937
all,MCV,NORMA,mortality,first,binary,abnormal,51414.0,12577.0,1.95,1.77,2.16,1.7769186495741547e-39,4.253835555041157e-39
all,MPV,PopRI,mortality,first,binary,abnormal,47799.0,11823.0,1.28,1.22,1.35,1.2110891930355485e-21,2.45323195512329e-21
all,MPV,PerRI,mortality,first,binary,abnormal,47799.0,11823.0,0.93,0.87,0.99,0.0276910766588697,0.0364599176008451
all,MPV,NORMA,mortality,first,binary,abnormal,47799.0,11823.0,0.1,0.04,0.23,2.4675210998194506e-07,3.898683337714732e-07
all,NA,PopRI,mortality,first,binary,abnormal,43295.0,11889.0,2.17,2.04,2.31,7.683736613437517e-132,8.67164560659377e-131
all,NA,PerRI,mortality,first,binary,abnormal,43295.0,11889.0,1.03,0.95,1.12,0.4815211814734903,0.5072023111520765
all,NA,NORMA,mortality,first,binary,abnormal,43295.0,11889.0,2.02,1.88,2.16,1.0649243543914316e-87,5.258063999807693e-87
all,PLT,PopRI,mortality,first,binary,abnormal,51628.0,12607.0,1.98,1.89,2.08,5.900623606082514e-172,1.165373162201296e-170
all,PLT,PerRI,mortality,first,binary,abnormal,51628.0,12607.0,0.92,0.83,1.01,0.0958620882143748,0.116509307214394
all,PLT,NORMA,mortality,first,binary,abnormal,51628.0,12607.0,1.88,1.77,1.98,5.952417342344242e-108,3.6172382311168856e-107
all,RBC,PerRI,mortality,first,binary,abnormal,51577.0,12594.0,0.78,0.71,0.85,6.239548340132519e-08,1.0269256643134772e-07
all,RDW,PopRI,mortality,first,binary,abnormal,51457.0,12546.0,3.09,2.82,3.39,1.6068310891030432e-127,1.5867457004892552e-126
all,RDW,PerRI,mortality,first,binary,abnormal,51457.0,12546.0,0.9,0.83,0.97,0.0080557918777093,0.0109725441092937
all,RDW,NORMA,mortality,first,binary,abnormal,51457.0,12546.0,2.23,1.96,2.52,6.614577631878603e-36,1.4930046654811706e-35
all,TBIL,PopRI,mortality,first,binary,abnormal,22511.0,6481.0,1.61,1.5,1.72,2.297411251915056e-42,5.671734028165293e-42
all,TBIL,PerRI,mortality,first,binary,abnormal,22511.0,6481.0,1.13,1.04,1.22,0.0026885631762196,0.0037927944807383
all,TBIL,NORMA,mortality,first,binary,abnormal,22511.0,6481.0,1.09,0.98,1.21,0.109073802654339,0.1305580365104967
all,TC,PopRI,mortality,first,binary,abnormal,43009.0,10891.0,0.93,0.87,0.99,0.0276910766588697,0.0364599176008451
all,TC,PerRI,mortality,first,binary,abnormal,43009.0,10891.0,0.8,0.75,0.86,1.6436637446285192e-10,2.9511235414921137e-10
all,TC,NORMA,mortality,first,binary,abnormal,43009.0,10891.0,0.96,0.9,1.03,0.2355991548492099,0.2585046282373275
all,TP,PopRI,mortality,first,binary,abnormal,22730.0,7029.0,2.23,2.08,2.38,2.004949839070734e-120,1.58391037286588e-119
all,TP,PerRI,mortality,first,binary,abnormal,22730.0,7029.0,1.07,0.98,1.16,0.1157485159286957,0.1364795934084621
all,TP,NORMA,mortality,first,binary,abnormal,22730.0,7029.0,2.73,2.46,3.04,3.4133801871476158e-77,1.3482851739233083e-76
all,WBC,PopRI,mortality,first,binary,abnormal,51755.0,12638.0,1.86,1.75,1.97,8.883802560977197e-94,4.678802682114657e-93
all,WBC,PerRI,mortality,first,binary,abnormal,51755.0,12638.0,0.98,0.89,1.07,0.6672278168515616,0.6757820196317098
all,WBC,NORMA,mortality,first,binary,abnormal,51755.0,12638.0,1.9,1.75,2.07,9.543615191305405e-51,2.899790769665873e-50
all,A1C,PopRI,ckd,first,binary,abnormal,10631.0,2552.0,1.93,1.21,3.08,0.0058031873952096,0.0062867863448105
all,A1C,PerRI,ckd,first,binary,abnormal,10631.0,2552.0,1.09,0.95,1.24,0.2047772506328639,0.2101661256495182
all,A1C,NORMA,ckd,first,binary,abnormal,10631.0,2552.0,2.15,1.35,3.41,0.0012024419080842,0.0013209925187404
all,ALB,PopRI,ckd,first,binary,abnormal,15375.0,2884.0,2.07,1.88,2.29,2.279103960257422e-47,1.1110631806254935e-46
all,ALB,PerRI,ckd,first,binary,abnormal,15375.0,2884.0,1.79,1.55,2.07,3.042177533312027e-15,5.048720161666767e-15
all,ALB,NORMA,ckd,first,binary,abnormal,15375.0,2884.0,2.0,1.78,2.26,5.223354373625571e-30,1.3580721371426484e-29
all,ALP,PopRI,ckd,first,binary,abnormal,24313.0,4394.0,1.52,1.41,1.64,1.745561684001047e-27,3.890108895773762e-27
all,ALP,PerRI,ckd,first,binary,abnormal,24313.0,4394.0,1.58,1.35,1.84,7.015898341115977e-09,8.971148698476167e-09
all,ALP,NORMA,ckd,first,binary,abnormal,24313.0,4394.0,1.91,1.72,2.12,7.172033189887168e-34,2.2376743552447964e-33
all,ALT,PopRI,ckd,first,binary,abnormal,30851.0,5356.0,1.71,1.58,1.85,1.5355248018964383e-40,5.98854672739611e-40
all,ALT,PerRI,ckd,first,binary,abnormal,30851.0,5356.0,1.49,1.29,1.72,5.5171201766308166e-08,6.94089312543877e-08
all,ALT,NORMA,ckd,first,binary,abnormal,30851.0,5356.0,1.75,1.6,1.9,2.5666379053740964e-37,8.704250287790413e-37
all,AST,PopRI,ckd,first,binary,abnormal,30902.0,5355.0,1.73,1.61,1.85,6.145584463184067e-54,3.68735067791044e-53
all,AST,PerRI,ckd,first,binary,abnormal,30902.0,5355.0,1.55,1.35,1.79,1.1315301074018863e-09,1.495921158938087e-09
all,AST,NORMA,ckd,first,binary,abnormal,30902.0,5355.0,1.8,1.66,1.96,9.673008914030933e-44,4.1916371960800695e-43
all,BUN,PopRI,ckd,first,binary,abnormal,32742.0,5715.0,6.85,5.76,8.15,1.003289782468186e-104,2.608553434417284e-103
all,BUN,PerRI,ckd,first,binary,abnormal,32742.0,5715.0,2.64,2.19,3.18,1.9254924845562227e-24,3.9523266788259316e-24
all,BUN,NORMA,ckd,first,binary,abnormal,32742.0,5715.0,7.04,5.86,8.47,8.540143014895414e-96,1.6653278879046058e-94
all,CA,PopRI,ckd,first,binary,abnormal,18423.0,3523.0,1.83,1.67,2.01,2.0281821728339616e-37,7.190827703684046e-37
all,CA,PerRI,ckd,first,binary,abnormal,18423.0,3523.0,1.67,1.47,1.89,1.2541546576811324e-15,2.126610071720181e-15
all,CA,NORMA,ckd,first,binary,abnormal,18423.0,3523.0,1.79,1.61,2.0,6.865195118471171e-26,1.447257349299328e-25
all,CL,PopRI,ckd,first,binary,abnormal,852.0,190.0,1.22,0.68,2.18,0.5034304168179076,0.5034304168179076
all,CL,PerRI,ckd,first,binary,abnormal,852.0,190.0,1.45,0.63,3.31,0.3799628561857283,0.3848974387335949
all,CL,NORMA,ckd,first,binary,abnormal,852.0,190.0,1.54,0.82,2.88,0.1778699837436349,0.1849847830933803
all,CRE,PopRI,ckd,first,binary,abnormal,36021.0,6180.0,3.85,3.57,4.15,6.144880504617849e-270,2.3965033968009612e-268
all,CRE,PerRI,ckd,first,binary,abnormal,36021.0,6180.0,4.29,3.67,5.01,3.86968385902384e-75,5.030589016730992e-74
all,CRE,NORMA,ckd,first,binary,abnormal,36021.0,6180.0,12.73,11.23,14.42,0.0,0.0
all,GLU,PopRI,ckd,first,binary,abnormal,35784.0,5978.0,2.45,1.97,3.04,5.633923561001397e-16,9.765467505735757e-16
all,GLU,PerRI,ckd,first,binary,abnormal,35784.0,5978.0,1.3,1.12,1.51,0.0005769743671561,0.0006429142948311
all,GLU,NORMA,ckd,first,binary,abnormal,35784.0,5978.0,2.85,2.25,3.62,5.9630861943513856e-18,1.134440788193678e-17
all,HCT,PopRI,ckd,first,binary,abnormal,39002.0,6064.0,2.5,2.19,2.87,2.9055781128603838e-40,1.0792147276338573e-39
all,HCT,PerRI,ckd,first,binary,abnormal,39002.0,6064.0,1.72,1.47,2.0,5.02415586728598e-12,7.394040710345404e-12
all,HCT,NORMA,ckd,first,binary,abnormal,39002.0,6064.0,2.89,2.43,3.45,1.7008954873772512e-32,4.9136980746453925e-32
all,HDL,PopRI,ckd,first,binary,abnormal,25371.0,4408.0,1.89,1.71,2.09,1.6830914079914708e-35,5.470047075972281e-35
all,HDL,PerRI,ckd,first,binary,abnormal,25371.0,4408.0,1.73,1.44,2.08,5.125224870704071e-09,6.662792331915292e-09
all,HDL,NORMA,ckd,first,binary,abnormal,25371.0,4408.0,2.14,1.88,2.45,2.021337907008882e-29,4.7777077802028126e-29
all,HGB,PopRI,ckd,first,binary,abnormal,38986.0,6066.0,2.76,2.47,3.09,1.2011079982970018e-70,1.3383774838166592e-69
all,HGB,PerRI,ckd,first,binary,abnormal,38986.0,6066.0,1.6,1.4,1.82,2.181639963383472e-12,3.272459945075208e-12
all,HGB,NORMA,ckd,first,binary,abnormal,38986.0,6066.0,2.96,2.56,3.42,7.770754557005228e-49,4.0407923696427187e-48
all,K,PopRI,ckd,first,binary,abnormal,30872.0,5582.0,2.54,2.32,2.79,2.5358917753125605e-87,3.9559911694875945e-86
all,K,PerRI,ckd,first,binary,abnormal,30872.0,5582.0,2.0,1.77,2.25,1.0011770623829333e-29,2.5190906730925417e-29
all,K,NORMA,ckd,first,binary,abnormal,30872.0,5582.0,2.9,2.57,3.27,2.9711106938401184e-67,2.5749626013281024e-66
all,LDL,PopRI,ckd,first,binary,abnormal,29053.0,5114.0,0.93,0.86,1.0,0.0592724910575932,0.0624764094931388
all,LDL,PerRI,ckd,first,binary,abnormal,29053.0,5114.0,1.28,1.14,1.43,1.9581234406176287e-05,2.3141458843662885e-05
all,LDL,NORMA,ckd,first,binary,abnormal,29053.0,5114.0,1.4,1.28,1.54,9.851332708910057e-13,1.5066744143038909e-12
all,MCH,PopRI,ckd,first,binary,abnormal,35157.0,5576.0,1.79,1.62,1.97,1.8642982942839643e-31,5.193402391219615e-31
all,MCH,PerRI,ckd,first,binary,abnormal,35157.0,5576.0,1.76,1.54,2.02,3.1423001715784763e-16,5.570441213252754e-16
all,MCH,NORMA,ckd,first,binary,abnormal,35157.0,5576.0,2.23,1.88,2.63,7.625933046278667e-21,1.525186609255733e-20
all,MCHC,PopRI,ckd,first,binary,abnormal,38973.0,6072.0,2.61,1.57,4.34,0.0002168582207189,0.0002487491355305
all,MCHC,PerRI,ckd,first,binary,abnormal,38973.0,6072.0,1.6,1.44,1.79,2.495414521398391e-17,4.634341254025584e-17
all,MCHC,NORMA,ckd,first,binary,abnormal,38973.0,6072.0,2.27,1.44,3.56,0.0003846333013491,0.0004348028623946
all,MCV,PopRI,ckd,first,binary,abnormal,38750.0,6045.0,1.68,1.57,1.8,4.74044342208376e-50,2.6411041923038094e-49
all,MCV,PerRI,ckd,first,binary,abnormal,38750.0,6045.0,1.52,1.34,1.71,1.6771041888644857e-11,2.3359665487755337e-11
all,MCV,NORMA,ckd,first,binary,abnormal,38750.0,6045.0,2.06,1.82,2.34,1.7887160017200108e-29,4.3599952541925264e-29
all,MPV,PopRI,ckd,first,binary,abnormal,35880.0,5717.0,1.38,1.29,1.48,3.965124271241471e-20,7.731992328920869e-20
all,MPV,PerRI,ckd,first,binary,abnormal,35880.0,5717.0,1.3,1.18,1.44,2.40643578778352e-07,2.932843616361165e-07
all,NA,PopRI,ckd,first,binary,abnormal,31093.0,5620.0,2.03,1.88,2.2,8.914107143857679e-70,8.691254465261239e-69
all,NA,PerRI,ckd,first,binary,abnormal,31093.0,5620.0,1.62,1.43,1.85,2.0761454104618138e-13,3.2387868403204294e-13
all,NA,NORMA,ckd,first,binary,abnormal,31093.0,5620.0,2.06,1.88,2.24,8.242350531691455e-59,5.357527845599446e-58
all,PLT,PopRI,ckd,first,binary,abnormal,38938.0,6057.0,1.75,1.63,1.86,5.048772571983824e-62,3.5800387328612575e-61
all,PLT,PerRI,ckd,first,binary,abnormal,38938.0,6057.0,1.83,1.54,2.18,9.348074973057738e-12,1.3257269961790972e-11
all,PLT,NORMA,ckd,first,binary,abnormal,38938.0,6057.0,1.7,1.58,1.83,1.6067367226079516e-45,7.37208613902472e-45
all,RBC,PerRI,ckd,first,binary,abnormal,38887.0,6046.0,1.61,1.35,1.91,7.45034322220676e-08,9.22423446558932e-08
all,RDW,PopRI,ckd,first,binary,abnormal,38796.0,6050.0,2.4,2.17,2.65,4.188299355929159e-66,3.2668734976247445e-65
all,RDW,PerRI,ckd,first,binary,abnormal,38796.0,6050.0,1.52,1.34,1.72,4.883028324085228e-11,6.682038759274524e-11
all,RDW,NORMA,ckd,first,binary,abnormal,38796.0,6050.0,2.41,2.06,2.83,1.829976081806784e-27,3.9649481772480315e-27
all,TBIL,PopRI,ckd,first,binary,abnormal,15823.0,2880.0,1.5,1.36,1.65,1.9852008577121064e-16,3.6010620209661474e-16
all,TBIL,PerRI,ckd,first,binary,abnormal,15823.0,2880.0,1.47,1.3,1.65,2.3802161588950053e-10,3.200980351617421e-10
all,TBIL,NORMA,ckd,first,binary,abnormal,15823.0,2880.0,1.24,1.06,1.45,0.0071128733382117,0.0076000564435687
all,TC,PopRI,ckd,first,binary,abnormal,31855.0,5502.0,1.26,1.14,1.39,4.896176743164274e-06,5.875412091797129e-06
all,TC,PerRI,ckd,first,binary,abnormal,31855.0,5502.0,1.24,1.1,1.38,0.0002004791906362,0.0002333936846212
all,TC,NORMA,ckd,first,binary,abnormal,31855.0,5502.0,1.58,1.41,1.77,3.1302712870874408e-15,5.086690841517092e-15
all,TP,PopRI,ckd,first,binary,abnormal,15417.0,2906.0,1.79,1.63,1.97,2.019304590295472e-33,6.0579137708864165e-33
all,TP,PerRI,ckd,first,binary,abnormal,15417.0,2906.0,1.62,1.41,1.86,8.644356333468656e-12,1.2486292481676949e-11
all,TP,NORMA,ckd,first,binary,abnormal,15417.0,2906.0,2.02,1.78,2.29,7.4409515068033405e-28,1.707041816266649e-27
all,WBC,PopRI,ckd,first,binary,abnormal,39047.0,6070.0,1.59,1.47,1.72,5.580575516791164e-31,1.500982380378313e-30
all,WBC,PerRI,ckd,first,binary,abnormal,39047.0,6070.0,1.83,1.57,2.14,2.036075074592001e-14,3.2410990983301243e-14
all,WBC,NORMA,ckd,first,binary,abnormal,39047.0,6070.0,2.11,1.89,2.35,3.688229054820673e-41,1.514115085663224e-40
all,A1C,PopRI,t2d,first,binary,abnormal,1123.0,548.0,2.8,1.79,4.37,6.125519887771562e-06,7.465477363221591e-06
all,A1C,PerRI,t2d,first,binary,abnormal,1123.0,548.0,1.69,1.29,2.2,0.0001165489952602,0.0001356839049298
all,A1C,NORMA,t2d,first,binary,abnormal,1123.0,548.0,3.18,2.12,4.78,2.4343063160353523e-08,3.2737222870820255e-08
all,ALB,PopRI,t2d,first,binary,abnormal,8657.0,3241.0,2.12,1.93,2.33,3.957848986271305e-55,3.430135788101797e-54
all,ALB,PerRI,t2d,first,binary,abnormal,8657.0,3241.0,1.43,1.27,1.61,3.409740004064083e-09,4.665960005561377e-09
all,ALB,NORMA,t2d,first,binary,abnormal,8657.0,3241.0,1.73,1.57,1.91,5.892135646012544e-28,1.3926866072393287e-27
all,ALP,PopRI,t2d,first,binary,abnormal,13718.0,5129.0,1.52,1.41,1.63,1.0402738965286297e-29,2.6174633525559065e-29
all,ALP,PerRI,t2d,first,binary,abnormal,13718.0,5129.0,1.38,1.22,1.57,5.565270486412871e-07,7.001469321616194e-07
all,ALP,NORMA,t2d,first,binary,abnormal,13718.0,5129.0,1.6,1.47,1.74,8.634149014913255e-28,1.980775362244805e-27
all,ALT,PopRI,t2d,first,binary,abnormal,17349.0,6453.0,1.6,1.49,1.72,1.046525658805308e-37,3.4012083911172507e-37
all,ALT,PerRI,t2d,first,binary,abnormal,17349.0,6453.0,1.48,1.3,1.67,8.465420048819452e-10,1.179112078228424e-09
all,ALT,NORMA,t2d,first,binary,abnormal,17349.0,6453.0,1.73,1.61,1.87,1.0270902122058732e-46,5.722359753718436e-46
all,AST,PopRI,t2d,first,binary,abnormal,17360.0,6460.0,1.66,1.56,1.77,9.275329937000538e-56,9.043446688575523e-55
all,AST,PerRI,t2d,first,binary,abnormal,17360.0,6460.0,1.62,1.44,1.84,1.2101806762139548e-14,1.9665435988476763e-14
all,AST,NORMA,t2d,first,binary,abnormal,17360.0,6460.0,1.71,1.59,1.83,1.3477258435923258e-50,8.760217983350117e-50
all,BUN,PopRI,t2d,first,binary,abnormal,18207.0,6968.0,1.69,1.56,1.83,5.422713733120554e-38,1.8390072660147967e-37
all,BUN,PerRI,t2d,first,binary,abnormal,18207.0,6968.0,1.55,1.38,1.74,1.2503464479167626e-13,1.9505404587501493e-13
all,BUN,NORMA,t2d,first,binary,abnormal,18207.0,6968.0,1.7,1.57,1.84,2.9742315712002894e-39,1.0545002843346479e-38
all,CA,PopRI,t2d,first,binary,abnormal,10526.0,3971.0,1.66,1.53,1.8,2.2977751627412213e-34,6.638017136807973e-34
all,CA,PerRI,t2d,first,binary,abnormal,10526.0,3971.0,1.47,1.33,1.64,5.672411456952955e-13,8.193483215598713e-13
all,CA,NORMA,t2d,first,binary,abnormal,10526.0,3971.0,1.73,1.57,1.89,5.033375612714367e-31,1.3086776593057352e-30
all,CL,PopRI,t2d,first,binary,abnormal,220.0,128.0,1.36,0.72,2.59,0.3464216601926448,0.3555380196713987
all,CL,PerRI,t2d,first,binary,abnormal,220.0,128.0,2.15,0.77,5.95,0.1422461335198669,0.1479359788606616
all,CL,NORMA,t2d,first,binary,abnormal,220.0,128.0,1.78,0.98,3.22,0.0574204717040361,0.0613533807248605
all,CRE,PopRI,t2d,first,binary,abnormal,20075.0,7643.0,1.67,1.58,1.77,3.969471120889322e-70,5.160312457156118e-69
all,CRE,PerRI,t2d,first,binary,abnormal,20075.0,7643.0,1.5,1.39,1.63,1.8829172576480133e-23,3.8649354235932905e-23
all,CRE,NORMA,t2d,first,binary,abnormal,20075.0,7643.0,1.79,1.69,1.91,1.2633848275533948e-77,4.92720082745824e-76
all,GLU,PopRI,t2d,first,binary,abnormal,19544.0,7559.0,89.23,46.39,171.61,2.74537635964691e-41,1.1896630891803274e-40
all,GLU,PerRI,t2d,first,binary,abnormal,19544.0,7559.0,3.54,2.93,4.27,1.5349441539334962e-39,5.701221143181557e-39
all,GLU,NORMA,t2d,first,binary,abnormal,19544.0,7559.0,43.46,26.6,71.0,2.959624603048862e-51,2.098642900343739e-50
all,HCT,PopRI,t2d,first,binary,abnormal,22419.0,8436.0,1.95,1.78,2.13,3.569031893351329e-48,2.1414191360107967e-47
all,HCT,PerRI,t2d,first,binary,abnormal,22419.0,8436.0,1.47,1.33,1.64,5.672411456952955e-13,8.193483215598713e-13
all,HCT,NORMA,t2d,first,binary,abnormal,22419.0,8436.0,1.91,1.72,2.11,2.2382373567847368e-35,6.714712070354212e-35
all,HDL,PopRI,t2d,first,binary,abnormal,13762.0,5012.0,1.46,1.34,1.58,2.174631586362902e-19,4.038601517531104e-19
all,HDL,PerRI,t2d,first,binary,abnormal,13762.0,5012.0,1.13,0.98,1.29,0.081309203341736,0.0857042954142623
all,HDL,NORMA,t2d,first,binary,abnormal,13762.0,5012.0,1.46,1.32,1.61,8.046966925258811e-14,1.2809457554493618e-13
all,HGB,PopRI,t2d,first,binary,abnormal,22401.0,8429.0,1.76,1.64,1.89,5.406312796950178e-55,4.2169239816211404e-54
all,HGB,PerRI,t2d,first,binary,abnormal,22401.0,8429.0,1.53,1.38,1.68,2.3580147590675546e-17,4.1801170728924827e-17
all,HGB,NORMA,t2d,first,binary,abnormal,22401.0,8429.0,2.04,1.87,2.22,1.1725204809776905e-59,1.306522821660855e-58
all,K,PopRI,t2d,first,binary,abnormal,17051.0,6547.0,1.43,1.33,1.52,8.63513559290776e-26,1.8709460451300143e-25
all,K,PerRI,t2d,first,binary,abnormal,17051.0,6547.0,1.54,1.41,1.69,9.263665053476356e-21,1.7623557906613562e-20
all,K,NORMA,t2d,first,binary,abnormal,17051.0,6547.0,1.66,1.53,1.79,1.0039768780547056e-36,3.132407859530681e-36
all,LDL,PopRI,t2d,first,binary,abnormal,16089.0,5722.0,0.74,0.69,0.8,1.4690080826595202e-15,2.546280676609836e-15
all,LDL,PerRI,t2d,first,binary,abnormal,16089.0,5722.0,1.24,1.12,1.38,5.359641261686127e-05,6.334121491083604e-05
all,LDL,NORMA,t2d,first,binary,abnormal,16089.0,5722.0,1.01,0.93,1.09,0.8059104843235398,0.8059104843235398
all,MCH,PopRI,t2d,first,binary,abnormal,20249.0,7642.0,1.49,1.39,1.61,1.9608746599905696e-26,4.369949242264698e-26
all,MCH,PerRI,t2d,first,binary,abnormal,20249.0,7642.0,1.28,1.17,1.41,2.145084441365243e-07,2.788609773774816e-07
all,MCH,NORMA,t2d,first,binary,abnormal,20249.0,7642.0,1.82,1.62,2.04,2.3599059702357048e-24,4.974936910226621e-24
all,MCHC,PopRI,t2d,first,binary,abnormal,22406.0,8435.0,1.53,1.2,1.96,0.0006792450678613,0.0007568730756169
all,MCHC,PerRI,t2d,first,binary,abnormal,22406.0,8435.0,1.37,1.27,1.49,1.1230422592010547e-14,1.8637722599506867e-14
all,MCHC,NORMA,t2d,first,binary,abnormal,22406.0,8435.0,1.49,1.17,1.91,0.0014248890252608,0.0015436297773659
all,MCV,PopRI,t2d,first,binary,abnormal,22279.0,8383.0,1.39,1.32,1.47,3.8421634496911705e-33,1.0392999945989403e-32
all,MCV,PerRI,t2d,first,binary,abnormal,22279.0,8383.0,1.26,1.15,1.38,6.729501502293531e-07,8.331763764744371e-07
all,MCV,NORMA,t2d,first,binary,abnormal,22279.0,8383.0,1.69,1.55,1.84,3.86406408248324e-33,1.0392999945989403e-32
all,MPV,PopRI,t2d,first,binary,abnormal,20460.0,7746.0,1.5,1.41,1.59,5.945100008268504e-40,2.3185890032247168e-39
all,MPV,PerRI,t2d,first,binary,abnormal,20460.0,7746.0,1.23,1.14,1.33,1.407239014110519e-07,1.8604176796715333e-07
all,NA,PopRI,t2d,first,binary,abnormal,17182.0,6604.0,1.83,1.71,1.95,9.966488120694409e-73,1.9434651835354094e-71
all,NA,PerRI,t2d,first,binary,abnormal,17182.0,6604.0,1.59,1.43,1.77,1.564962424673114e-17,2.838769049407044e-17
all,NA,NORMA,t2d,first,binary,abnormal,17182.0,6604.0,2.02,1.89,2.17,1.4895838260900855e-88,1.1618753843502669e-86
all,PLT,PopRI,t2d,first,binary,abnormal,22371.0,8429.0,1.49,1.41,1.58,6.516150465081808e-43,2.989763154566947e-42
all,PLT,PerRI,t2d,first,binary,abnormal,22371.0,8429.0,1.3,1.16,1.46,7.775273833477363e-06,9.330328600172836e-06
all,PLT,NORMA,t2d,first,binary,abnormal,22371.0,8429.0,1.5,1.42,1.59,7.06789304735603e-45,3.675304384625136e-44
all,RBC,PerRI,t2d,first,binary,abnormal,22365.0,8419.0,1.37,1.22,1.55,2.540263743833411e-07,3.2482060986722304e-07
all,RDW,PopRI,t2d,first,binary,abnormal,22293.0,8385.0,1.59,1.49,1.7,3.054461105900344e-43,1.4890497891264174e-42
all,RDW,PerRI,t2d,first,binary,abnormal,22293.0,8385.0,1.42,1.29,1.56,4.726306753344391e-13,7.089460130016587e-13
all,RDW,NORMA,t2d,first,binary,abnormal,22293.0,8385.0,1.74,1.58,1.92,7.993554066279052e-29,1.948428803655519e-28
all,TBIL,PopRI,t2d,first,binary,abnormal,8749.0,3320.0,1.57,1.43,1.71,4.678735356024681e-23,9.123533944248128e-23
all,TBIL,PerRI,t2d,first,binary,abnormal,8749.0,3320.0,1.49,1.35,1.65,6.706822836963232e-15,1.1372438723546347e-14
all,TBIL,NORMA,t2d,first,binary,abnormal,8749.0,3320.0,1.28,1.12,1.47,0.0003728985049498,0.000421537440378
all,TC,PopRI,t2d,first,binary,abnormal,17507.0,6345.0,0.84,0.77,0.92,0.0001230062637979,0.0001410954202388
all,TC,PerRI,t2d,first,binary,abnormal,17507.0,6345.0,1.19,1.07,1.32,0.0011640542763162,0.0012788201908826
all,TC,NORMA,t2d,first,binary,abnormal,17507.0,6345.0,1.04,0.95,1.14,0.399080841672454,0.4042637097461222
all,TP,PopRI,t2d,first,binary,abnormal,8676.0,3241.0,1.86,1.7,2.04,1.3066001313240395e-40,5.363937381225004e-40
all,TP,PerRI,t2d,first,binary,abnormal,8676.0,3241.0,1.49,1.33,1.68,2.2109743655074767e-11,3.135563645628785e-11
all,TP,NORMA,t2d,first,binary,abnormal,8676.0,3241.0,1.67,1.51,1.85,4.200565089092246e-23,8.401130178184492e-23
all,WBC,PopRI,t2d,first,binary,abnormal,22431.0,8441.0,1.82,1.71,1.94,3.1105074017698478e-77,8.087319244601602e-76
all,WBC,PerRI,t2d,first,binary,abnormal,22431.0,8441.0,1.53,1.36,1.71,3.352668217285407e-13,5.127610214671799e-13
all,WBC,NORMA,t2d,first,binary,abnormal,22431.0,8441.0,2.04,1.89,2.21,2.111073381715232e-71,3.293274475475762e-70
