dataset,target_state,analyte,method,n,mae,mape,rmse,r2,bias,n_analytes,n_targets
inspire,normal,A1C,NORMA_normal,30.0,0.2329240957895914,4.441470555788706,0.290823722503384,-0.3448868164956327,0.0665568510691324,,
inspire,normal,A1C,NORMA_marginal,30.0,0.4157484390384183,7.894528553765907,0.5019990481441944,-3.007115546005468,0.3121149218128935,,
inspire,normal,A1C,NORMA_marginal_freq,30.0,0.5013802456712424,9.71927806592648,0.5859815757806842,-4.460017074893503,0.4790582565607253,,
inspire,normal,A1C,NORMA_oracle,30.0,0.2329240957895914,4.441470555788706,0.290823722503384,-0.3448868164956327,0.0665568510691324,,
inspire,normal,A1C,Mean,30.0,0.7221025060858701,13.77940547684346,0.9162312162601788,-12.348616209976075,0.6152533253799067,,
inspire,normal,A1C,Last,30.0,0.4433333460489909,8.408142702726021,0.5683309085529626,-4.136042746554282,0.3300000508626302,,
inspire,normal,A1C,ARIMA,30.0,0.648732397237231,12.243437890223026,0.8677392118280837,-10.97304250476363,0.2090157040263567,,
inspire,normal,A1C,PopRI,30.0,0.4666666666666669,8.647232013269752,0.5297798284822355,-3.462897526501769,-0.4666666666666669,,
inspire,normal,A1C,PerRI,30.0,0.7395444316674642,14.072966123961688,0.9950060163914856,-14.74263737437682,0.6231952252907749,,
inspire,normal,A1C,Gaussian_mle,30.0,0.3479258563074354,6.557721564074319,0.4171891644854233,-1.767528605435353,-0.2252566833751045,,
inspire,normal,A1C,Gaussian_trunc,30.0,1.0176236733328865,19.15351360684287,1.8950299770048395,-56.102910819297975,0.4684526319341626,,
inspire,normal,A1C,Gaussian_eb,30.0,0.3600445024642698,6.771912112353768,0.4184830243612563,-1.7847215107895669,-0.2390134851870323,,
inspire,normal,A1C,Cohen_m2,30.0,0.4851887639363606,9.316075214709825,0.5467596522243567,-3.753560169089215,0.3837260564168295,,
inspire,normal,A1C,Cohen_m3,30.0,0.5036800861358643,9.724907400697392,0.5713359707717344,-4.190500218160992,0.4831575234731039,,
inspire,normal,A1C,Cohen_m4,30.0,0.3676291243235269,7.112437243556058,0.4427154786727935,-2.11655999206418,0.2952095826466878,,
inspire,all_states,A1C,NORMA_normal,264.0,1.033928932204391,14.335726436297492,1.3337360490626533,-0.9336323244583642,-0.9824477206576954,,
inspire,all_states,A1C,NORMA_marginal,264.0,0.4655543620727735,6.780850733285276,0.6514855363865077,0.5386360306239091,-0.1553860689096636,,
inspire,all_states,A1C,NORMA_marginal_freq,264.0,0.5787503078449208,8.238585284820008,0.7766685854640792,0.3442993765247333,-0.3687819770259292,,
inspire,all_states,A1C,NORMA_oracle,264.0,0.4189512422590544,6.085450697539248,0.596967426221333,0.6126216127585673,-0.0606837623047105,,
inspire,all_states,A1C,Mean,264.0,0.5463517541450227,8.218673526196214,0.7142619077498177,0.4454392901514156,0.0351660543802242,,
inspire,all_states,A1C,Last,264.0,0.4678031043572859,6.967545722807348,0.6979678698442023,0.4704524296388739,-0.0109847664833068,,
inspire,all_states,A1C,ARIMA,264.0,0.6766669860180192,10.064106916125844,1.0550124244655774,-0.2098994142399404,0.0157503816986509,,
inspire,all_states,A1C,PopRI,264.0,1.9431818181818183,27.372147541661786,2.167004635645501,-4.104506942611861,-1.9431818181818183,,
inspire,all_states,A1C,PerRI,264.0,0.5767949053133331,8.654365566736038,0.7932572943630427,0.3159902901823669,0.0077915898724209,,
inspire,all_states,A1C,Gaussian_mle,264.0,1.8800922840561,26.34664079272946,2.134216145968371,-3.951205138448316,-1.8661526053137896,,
inspire,all_states,A1C,Gaussian_trunc,264.0,2.0411705142989245,29.22428869984225,2.318945473727031,-4.845412879732825,-1.648813358397366,,
inspire,all_states,A1C,Gaussian_eb,264.0,1.883129271341488,26.396380901889486,2.1352883228282526,-3.9561811115088217,-1.869375746650892,,
inspire,all_states,A1C,Cohen_m2,264.0,0.9632177479339368,13.172880071733331,1.2425806746616128,-0.6783529952725658,-0.8370799826853202,,
inspire,all_states,A1C,Cohen_m3,264.0,0.970892250176632,13.29392727998221,1.2455200211460848,-0.6863027339655365,-0.8383386973178748,,
inspire,all_states,A1C,Cohen_m4,264.0,1.0528878204750292,14.39028243418012,1.329915281196269,-0.9225695987088957,-0.973874136173364,,
inspire,normal,ALB,NORMA_normal,14525.0,0.1805508170825478,4.622711110451482,0.2334577204199556,0.4316981070336472,0.0335449306041567,,
inspire,normal,ALB,NORMA_marginal,14525.0,0.24842448026873,6.3760292895257,0.3296369069944204,-0.1330114073756543,-0.109855598889461,,
inspire,normal,ALB,NORMA_marginal_freq,14525.0,0.2045973925109551,5.086195912082165,0.2642913066293965,0.271669700393374,-0.134007025002372,,
inspire,normal,ALB,NORMA_oracle,14525.0,0.1805508170825478,4.622711110451482,0.2334577204199556,0.4316981070336472,0.0335449306041567,,
inspire,normal,ALB,Mean,14525.0,0.3286137097198678,8.257499796473658,0.4201144430198937,-0.8403390696513735,-0.2030620949505174,,
inspire,normal,ALB,Last,14525.0,0.2979346094443342,7.600892640521112,0.4033790167845576,-0.6966381479403918,-0.151648903208222,,
inspire,normal,ALB,ARIMA,14525.0,0.3782380428000653,9.62366535323118,0.5625087009521561,-2.299294709323085,-0.1717037456362535,,
inspire,normal,ALB,PopRI,14525.0,0.5923373493975904,15.735661587277106,0.6549612068237797,-3.4729472520619167,0.5771222030981068,,
inspire,normal,ALB,PerRI,14525.0,0.3529813782508338,8.917857485692263,0.4580877637702861,-1.1880639154869348,-0.2106429873081721,,
inspire,normal,ALB,Gaussian_mle,14525.0,0.2614596408651091,6.7591399046291984,0.3331284626508283,-0.1571405226708557,0.0675030351401172,,
inspire,normal,ALB,Gaussian_trunc,14525.0,1.2813286442369218,33.35938152452142,2.386301470796841,-58.37631477238597,-1.054050664533683,,
inspire,normal,ALB,Gaussian_eb,14525.0,0.3924250503991601,10.18470376827264,0.68431202816924,-3.882822856475066,-0.066413148198078,,
inspire,normal,ALB,Cohen_m2,14525.0,0.3564378250010452,8.949874490836343,0.4403853824596679,-1.0222200490984368,-0.2117126742279262,,
inspire,normal,ALB,Cohen_m3,14525.0,0.2481338409647063,6.364081915978979,0.3027160286748673,0.0444939174688298,0.0488880009872778,,
inspire,normal,ALB,Cohen_m4,14525.0,0.2371950063590543,6.101939427594362,0.2898172988763379,0.1241873163091829,0.0560705780909107,,
inspire,all_states,ALB,NORMA_normal,25644.0,0.3535876833617157,11.401411359414311,0.4558214961704055,0.3144810649187269,0.2699535731275598,,
inspire,all_states,ALB,NORMA_marginal,25644.0,0.2409674544328208,7.030832686484728,0.3277890940861034,0.6454978686731698,-0.0129686974022027,,
inspire,all_states,ALB,NORMA_marginal_freq,25644.0,0.312447410930961,9.812321895963196,0.3950880969962062,0.4849875333271118,0.1197266191078865,,
inspire,all_states,ALB,NORMA_oracle,25644.0,0.1766521704622743,5.1576603393453,0.2315340485246728,0.8231277982392015,0.0017675692978226,,
inspire,all_states,ALB,Mean,25644.0,0.3433019380421898,10.1054501108775,0.4344424552844884,0.3772777699454435,0.0130449244143765,,
inspire,all_states,ALB,Last,25644.0,0.2717789810731358,7.795127591507716,0.3794123742055191,0.5250445970853381,-0.0542076242972305,,
inspire,all_states,ALB,ARIMA,25644.0,0.3415808327265262,9.761331534853342,0.5235660294013262,0.0955745567646031,-0.0548507051713487,,
inspire,all_states,ALB,PopRI,25644.0,0.9938192169708314,31.579651563131225,1.1285877987960562,-3.2024306195094008,0.9852012166588676,,
inspire,all_states,ALB,PerRI,25644.0,0.3588424938305766,10.515043243521372,0.4664553584094739,0.2821230262201947,-0.0075765124495558,,
inspire,all_states,ALB,Gaussian_mle,25644.0,0.6029192256870551,19.67802543705728,0.7901422243486503,-1.0598727475719567,0.4930604010826445,,
inspire,all_states,ALB,Gaussian_trunc,25644.0,1.4731192596097034,44.29321518505986,2.3497725084336403,-17.21719417103296,-0.6511314533494409,,
inspire,all_states,ALB,Gaussian_eb,25644.0,0.6942864140878237,22.146633352759203,0.9419141703951784,-1.927200776821235,0.350074208846951,,
inspire,all_states,ALB,Cohen_m2,25644.0,0.4044257332820859,12.275517927564051,0.4929428968890641,0.1982793377664907,0.0824842068189913,,
inspire,all_states,ALB,Cohen_m3,25644.0,0.517047776879879,16.72358306784005,0.6414228466053999,-0.3574339292881805,0.4041930808234077,,
inspire,all_states,ALB,Cohen_m4,25644.0,0.5069802933913686,16.43643966020548,0.6316676261034028,-0.3164582455578519,0.4043897333931316,,
inspire,normal,ALP,NORMA_normal,22037.0,8.502326030915556,12.01779232985846,12.162362497291555,0.6918291748294338,-2.1810844041596105,,
inspire,normal,ALP,NORMA_marginal,22037.0,8.889788570755325,12.573011871723608,12.979321126825038,0.6490384092920365,-0.2747805634456038,,
inspire,normal,ALP,NORMA_marginal_freq,22037.0,9.060268042253528,13.562940098595528,12.505127696521113,0.6742143908888336,2.6194906371904447,,
inspire,normal,ALP,NORMA_oracle,22037.0,8.502326030915556,12.01779232985846,12.162362497291555,0.6918291748294338,-2.1810844041596105,,
inspire,normal,ALP,Mean,22037.0,12.994885125192525,18.59697889604909,17.71676254763716,0.3460803866991373,-3.0127808005951016,,
inspire,normal,ALP,Last,22037.0,9.454599083359804,13.247760430487626,14.121724632404376,0.5845381870322256,-1.5185823841720745,,
inspire,normal,ALP,ARIMA,22037.0,12.401869304738588,17.51342732132181,20.486386610493977,0.1256478885995264,-0.8606246413189869,,
inspire,normal,ALP,PopRI,22037.0,19.18940872169533,33.213987456361124,22.7632547467438,-0.079504238570544,6.177565004310932,,
inspire,normal,ALP,PerRI,22037.0,14.18327190399832,19.723240115915736,19.925757776716924,0.1728479931706275,-5.5724619362863095,,
inspire,normal,ALP,Gaussian_mle,22037.0,12.888085072057898,18.120807095004768,17.602239778780028,0.3545070550456338,-4.641491238661352,,
inspire,normal,ALP,Gaussian_trunc,22037.0,32.9279369225399,46.17790625385695,77.84971604541997,-11.62611382564175,-6.574863341533222,,
inspire,normal,ALP,Gaussian_eb,22037.0,13.43004783778715,19.07708714609053,19.21438634522836,0.2308542011057098,-5.212459644526765,,
inspire,normal,ALP,Cohen_m2,22037.0,13.017092303906898,18.98869506858117,17.411205965964307,0.3684418547620783,-2.235263467348925,,
inspire,normal,ALP,Cohen_m3,22037.0,14.85058514875071,23.136979849136356,19.55079929939735,0.2036854163318574,3.1069486971780425,,
inspire,normal,ALP,Cohen_m4,22037.0,14.042196364769968,22.203213824181773,18.124062944560663,0.3156681423130689,3.95260868677509,,
inspire,all_states,ALP,NORMA_normal,23252.0,10.151557956159412,12.833618961492796,15.497118929663085,0.6764664453576139,-4.16062376861336,,
inspire,all_states,ALP,NORMA_marginal,23252.0,9.657903205086736,12.766122169271096,14.820163026502971,0.704114720320995,-1.3545647028422103,,
inspire,all_states,ALP,NORMA_marginal_freq,23252.0,10.353262788264004,14.072452955832071,14.910610701893358,0.7004921150180159,0.7162590966832888,,
inspire,all_states,ALP,NORMA_oracle,23252.0,8.769924634011133,11.880768394493982,12.913923253358474,0.7753358382673989,-1.7673255458420327,,
inspire,all_states,ALP,Mean,23252.0,14.977330476096046,19.46072001008609,21.450394743952906,0.3801480455208286,-5.516826734432818,,
inspire,all_states,ALP,Last,23252.0,10.00339755719938,13.274714227909234,15.69881317961905,0.6679900953549849,-2.4820660588336487,,
inspire,all_states,ALP,ARIMA,23252.0,13.261469677265527,17.638041547577917,22.60117192478058,0.3118560194590668,-1.7456830386836562,,
inspire,all_states,ALP,PopRI,23252.0,21.844443488732157,34.0010241695176,27.333719957013844,-0.0065025479634188,2.197015310510924,,
inspire,all_states,ALP,PerRI,23252.0,16.329116281551105,20.683644873267003,24.10841630590375,0.2170126204869887,-8.168251871673691,,
inspire,all_states,ALP,Gaussian_mle,23252.0,15.554371145598566,19.47719542926428,22.855237220699983,0.29629787250057,-7.738691276918034,,
inspire,all_states,ALP,Gaussian_trunc,23252.0,37.19426287646348,47.89386181418797,83.42597117423686,-8.376050536296725,-8.054601027719185,,
inspire,all_states,ALP,Gaussian_eb,23252.0,16.080867049464672,20.392370315004804,24.216464905726813,0.2099785399594269,-8.292677172685078,,
inspire,all_states,ALP,Cohen_m2,23252.0,15.412400221221729,20.117500697628383,21.88255945665695,0.3549199191335931,-5.193960428032842,,
inspire,all_states,ALP,Cohen_m3,23252.0,16.682384599163633,23.72646974181203,22.508389697003143,0.3174943534765068,0.3368040023644902,,
inspire,all_states,ALP,Cohen_m4,23252.0,15.282826390012948,22.40466141120115,20.354108125306663,0.4418877538960724,1.790946294370133,,
inspire,normal,ALT,NORMA_normal,15220.0,3.9914652631411256,19.635954168052635,5.588996719976168,0.378314982993719,-0.991995845674372,,
inspire,normal,ALT,NORMA_marginal,15220.0,4.566600242167296,22.678183259543864,6.549891268612888,0.1461710570675244,-0.3101592636237512,,
inspire,normal,ALT,NORMA_marginal_freq,15220.0,4.023711329218585,20.54603257335441,5.524314699220911,0.3926213629488537,-0.2431082042131272,,
inspire,normal,ALT,NORMA_oracle,15220.0,3.9914652631411256,19.635954168052635,5.588996719976168,0.378314982993719,-0.991995845674372,,
inspire,normal,ALT,Mean,15220.0,6.513141125540707,35.55905298032202,8.450464220644939,-0.4212282315610651,1.6863848099338914,,
inspire,normal,ALT,Last,15220.0,5.469842312746386,27.79114139598603,8.087826871008106,-0.3018662953726936,1.1067674113009198,,
inspire,normal,ALT,ARIMA,15220.0,7.1572204265640025,36.90231245971781,11.8436405553122,-1.7917281653727168,1.541337259511672,,
inspire,normal,ALT,PopRI,15220.0,7.766819973718791,50.20075847702036,8.764749161161514,-0.5289091306232951,5.155124835742444,,
inspire,normal,ALT,PerRI,15220.0,6.647531513068035,34.01250595663268,8.971968759392931,-0.6020578585037213,-0.2108011602235069,,
inspire,normal,ALT,Gaussian_mle,15220.0,5.46986323056303,29.61046541850612,6.924020534965445,0.045843999834347,0.3345876516757849,,
inspire,normal,ALT,Gaussian_trunc,15220.0,16.76890825100293,93.01951367537424,33.54772600660803,-21.39901218265909,-11.378015453641108,,
inspire,normal,ALT,Gaussian_eb,15220.0,5.626440619756824,30.574080335948395,7.324293970050632,-0.0676630803872628,0.1438496836939653,,
inspire,normal,ALT,Cohen_m2,15220.0,6.14371260255771,32.17038622469738,8.384686995568366,-0.399189060235537,0.8421678064373883,,
inspire,normal,ALT,Cohen_m3,15220.0,9.39660082239359,56.7107335814737,11.483523031951984,-1.6245387108183262,7.71136947874954,,
inspire,normal,ALT,Cohen_m4,15220.0,7.565895243668525,42.09200854932948,10.285081640599849,-1.1053202997130636,4.356582261823637,,
inspire,all_states,ALT,NORMA_normal,21401.0,5.936170653959094,30.65385484627668,9.034757356469866,0.4511729841805475,-2.0700922459064537,,
inspire,all_states,ALT,NORMA_marginal,21401.0,5.464574367667077,26.77552965702831,8.519300867154353,0.5120105796189254,-1.3340206127993115,,
inspire,all_states,ALT,NORMA_marginal_freq,21401.0,5.9581263920774585,32.38894350762662,8.847458226837714,0.473692527551753,-1.3428898330936434,,
inspire,all_states,ALT,NORMA_oracle,21401.0,4.01866728347861,18.59569186273137,6.462066866495015,0.7192334343665254,-0.1978717591349117,,
inspire,all_states,ALT,Mean,21401.0,7.866045942095293,44.72580566132261,10.716218675960194,0.2278785295847273,0.2015838048963755,,
inspire,all_states,ALT,Last,21401.0,5.679874772206906,27.96243862371434,9.058766959122048,0.4482521248907961,0.0163076491752721,,
inspire,all_states,ALT,ARIMA,21401.0,7.524957800393576,38.29567726999856,12.782113396988258,-0.0985196420121607,0.4262351084051086,,
inspire,all_states,ALT,PopRI,21401.0,11.082472781645718,83.0222211066515,12.916676099947669,-0.1217705471224792,4.255688986495958,,
inspire,all_states,ALT,PerRI,21401.0,7.999383628849025,40.9629528194559,11.532172108995736,0.1058204668546609,-1.6571344694258066,,
inspire,all_states,ALT,Gaussian_mle,21401.0,8.434402596677918,52.45185538283219,11.35301660012994,0.1333873178826566,-0.620919181796884,,
inspire,all_states,ALT,Gaussian_trunc,21401.0,19.64031219247811,124.73915430866764,35.613794627416986,-7.527839036230253,-12.888681734731048,,
inspire,all_states,ALT,Gaussian_eb,21401.0,8.547179186627258,53.062459262930616,11.585328154270677,0.0975582606745293,-0.8065783645618222,,
inspire,all_states,ALT,Cohen_m2,21401.0,8.200732379175559,48.007836879242674,11.192668471289428,0.1576942320361185,-0.2049608301890241,,
inspire,all_states,ALT,Cohen_m3,21401.0,10.903066922067444,79.27937855737798,12.995191862509518,-0.1354496642913381,6.578104180435417,,
inspire,all_states,ALT,Cohen_m4,21401.0,9.02007041470558,58.994582073635726,11.81558657152008,0.0613297197418003,3.431109524080672,,
inspire,normal,AST,NORMA_normal,20743.0,4.224445532345585,18.859033910977534,5.849764056806715,0.4043678507509621,-0.8340499553157217,,
inspire,normal,AST,NORMA_marginal,20743.0,4.452006586016973,20.151599088774656,6.210811358312206,0.3285740713388705,-0.0187782678251804,,
inspire,normal,AST,NORMA_marginal_freq,20743.0,4.375821478298801,20.614768737762045,5.876649024985555,0.3988803303604719,0.423311483048547,,
inspire,normal,AST,NORMA_oracle,20743.0,4.224445532345585,18.859033910977534,5.849764056806715,0.4043678507509621,-0.8340499553157217,,
inspire,normal,AST,Mean,20743.0,5.760490416751237,28.868261244574423,7.432630732464839,0.0384175134232319,1.827306493682848,,
inspire,normal,AST,Last,20743.0,5.084992527599672,23.17079888220356,7.318453053624474,0.0677336388430315,0.8940847514824278,,
inspire,normal,AST,ARIMA,20743.0,6.52653708060116,30.68152293293961,10.27981728828658,-0.8393832302579458,1.5256886475174192,,
inspire,normal,AST,PopRI,20743.0,6.983367883141301,38.50164826963383,8.147947404554747,-0.1555742752681397,2.989635057609796,,
inspire,normal,AST,PerRI,20743.0,5.731830356862444,26.910077681281475,7.794279844312553,-0.0574343657251141,0.2425492615189129,,
inspire,normal,AST,Gaussian_mle,20743.0,5.293815735985055,25.763269108122007,6.824257822710847,0.1893893899684154,0.6392101416451169,,
inspire,normal,AST,Gaussian_trunc,20743.0,21.764687482318685,108.40674852202788,41.459418022586114,-28.91905239827419,-0.2812804936548118,,
inspire,normal,AST,Gaussian_eb,20743.0,5.403707895463083,26.35846999972271,7.199202245819591,0.0978678093653047,0.4517632910289015,,
inspire,normal,AST,Cohen_m2,20743.0,5.54290661841483,27.404878610396796,7.019882442279576,0.1422492429665915,0.6893144386032937,,
inspire,normal,AST,Cohen_m3,20743.0,8.236681660294147,46.454918989318,9.83789930861804,-0.6846363904877908,5.636967921977688,,
inspire,normal,AST,Cohen_m4,20743.0,6.472003204788173,34.2470369442128,8.067761563195054,-0.1329416432116408,3.257451563075028,,
inspire,all_states,AST,NORMA_normal,21668.0,4.871318689808978,19.74213836419039,7.12594485389377,0.4009634340269602,-1.6256580171889654,,
inspire,all_states,AST,NORMA_marginal,21668.0,4.930855240549784,20.65644272648131,7.160547394453871,0.3951316421701372,-0.686346185170815,,
inspire,all_states,AST,NORMA_marginal_freq,21668.0,4.952830017524226,21.293528722859254,6.976505459544296,0.4258249779902702,-0.35857050962188,,
inspire,all_states,AST,NORMA_oracle,21668.0,4.434984258032382,18.851659931993257,6.393199490515769,0.5178247312562281,-0.4987180274814087,,
inspire,all_states,AST,Mean,21668.0,6.315162759919227,29.26973304331041,8.380935348167409,0.1713838382051714,0.9487135236849006,,
inspire,all_states,AST,Last,21668.0,5.3896529444341885,23.246414518413182,7.92030698215206,0.2599646796163798,0.3341794351116854,,
inspire,all_states,AST,ARIMA,21668.0,6.910000894425709,30.722921369470825,10.860035391188465,-0.3913324041423565,0.9089525077551908,,
inspire,all_states,AST,PopRI,21668.0,7.709802473693927,38.94894833422532,9.388512967612666,-0.0398292739093075,1.837456156544213,,
inspire,all_states,AST,PerRI,21668.0,6.360924946407068,27.544528930495957,8.931925456639126,0.0588505371855866,-0.6415896859268915,,
inspire,all_states,AST,Gaussian_mle,21668.0,6.001828103754181,26.569573318351264,8.148981834910156,0.2166152404183949,-0.3220812060394563,,
inspire,all_states,AST,Gaussian_trunc,21668.0,22.692218905676537,107.56799901036706,42.145706085665545,-19.954393112529733,-0.6046178702523899,,
inspire,all_states,AST,Gaussian_eb,21668.0,6.114326047027604,27.15425720252239,8.47529349311224,0.152620581007855,-0.5022123832643534,,
inspire,all_states,AST,Cohen_m2,21668.0,6.2947580158127305,28.25227168799916,8.405924965366106,0.1664350655955805,-0.3285884853656692,,
inspire,all_states,AST,Cohen_m3,21668.0,8.726306452926332,46.1886021137428,10.481701166255096,-0.2960804698255044,4.555081459435894,,
inspire,all_states,AST,Cohen_m4,21668.0,7.005802426761601,34.438280592438986,8.878267469549364,0.0701243655680549,2.3083050243084733,,
inspire,normal,BUN,NORMA_normal,16628.0,2.2922948812216783,18.61495950896693,2.916008661158,0.2787740210004681,-0.0474550732345801,,
inspire,normal,BUN,NORMA_marginal,16628.0,2.7354042972520034,21.895854391415416,3.651912596522946,-0.1311872260280471,0.4735694429456925,,
inspire,normal,BUN,NORMA_marginal_freq,16628.0,2.5998426970698976,22.874368766636515,3.2718997047328635,0.0919835681106617,1.335033074689773,,
inspire,normal,BUN,NORMA_oracle,16628.0,2.2922948812216783,18.61495950896693,2.916008661158,0.2787740210004681,-0.0474550732345801,,
inspire,normal,BUN,Mean,16628.0,3.229542131798737,26.512130913423515,4.205555792309961,-0.5001702213499841,0.9980935045589944,,
inspire,normal,BUN,Last,16628.0,3.0143733461630986,23.920166316774974,4.112864490597496,-0.4347708486053572,0.2274476786143853,,
inspire,normal,BUN,ARIMA,16628.0,3.675684454953195,29.42733990226833,5.487948814886373,-1.5545467027879472,0.3969719152999356,,
inspire,normal,BUN,PopRI,16628.0,3.141568438777965,27.67761440327381,3.554902052428093,-0.071887042737456,0.9206158287226364,,
inspire,normal,BUN,PerRI,16628.0,3.325073777633873,27.010735729799578,4.399666845231472,-0.6418494289083339,0.4278592419296019,,
inspire,normal,BUN,Gaussian_mle,16628.0,2.634776670350798,22.04551822641166,3.216752191326406,0.1223346483835063,0.2336601607525887,,
inspire,normal,BUN,Gaussian_trunc,16628.0,12.29852851397137,103.8129872348157,20.034367680701635,-33.04434810106954,-5.37053074706176,,
inspire,normal,BUN,Gaussian_eb,16628.0,2.7481468280779,23.16321156209214,3.4870243664174203,-0.0313443813608314,0.1594049583673107,,
inspire,normal,BUN,Cohen_m2,16628.0,3.0743797525121868,25.86980008638858,3.93673172102479,-0.3145145029370679,0.9060081745645074,,
inspire,normal,BUN,Cohen_m3,16628.0,2.8409823655565973,24.77929088407185,3.519320197938265,-0.0505368882484833,1.016795917746824,,
inspire,normal,BUN,Cohen_m4,16628.0,2.9117495135558977,25.70623289872006,3.661184633481314,-0.1369385819448882,1.3764578123232594,,
inspire,all_states,BUN,NORMA_normal,24998.0,3.645727220196964,25.923174282999955,5.30936219563892,0.429013681659082,-1.1215518532070945,,
inspire,all_states,BUN,NORMA_marginal,24998.0,3.038061979467336,23.475281668262905,4.195899463675356,0.6433919496521974,0.1950857985717454,,
inspire,all_states,BUN,NORMA_marginal_freq,24998.0,3.817518643149317,30.68931005551977,5.2081464119297065,0.4505763306857533,0.1989925617066041,,
inspire,all_states,BUN,NORMA_oracle,24998.0,2.24996305463867,16.32325099943015,3.1524154299436566,0.7987073650894326,0.0598896039811236,,
inspire,all_states,BUN,Mean,24998.0,3.865572640122181,31.109626135999196,5.125859962966337,0.4678004903138435,0.4562735294312588,,
inspire,all_states,BUN,Last,24998.0,3.062084966797344,22.988384732880785,4.475484599123514,0.5942849392536025,0.0461636930954476,,
inspire,all_states,BUN,ARIMA,24998.0,3.791552204794762,29.31613703304683,5.805648150874957,0.317280323447863,0.2376108356362579,,
inspire,all_states,BUN,PopRI,24998.0,5.441955356428514,44.52452367372275,7.035090575106478,-0.0024907687074988,-0.3506680534442755,,
inspire,all_states,BUN,PerRI,24998.0,3.976731278845016,30.490061591452584,5.508287834070075,0.3854259083683001,-0.1474810916289407,,
inspire,all_states,BUN,Gaussian_mle,24998.0,4.562906277477329,34.532970230159066,6.354357884278626,0.1821298877065269,-0.988892808306343,,
inspire,all_states,BUN,Gaussian_trunc,24998.0,13.299794163596196,115.75245806528676,20.20582090570807,-7.269780724841549,-6.357411605965723,,
inspire,all_states,BUN,Gaussian_eb,24998.0,4.690834301716342,36.0235594963248,6.514071057478174,0.1404998060430906,-1.0996098912918664,,
inspire,all_states,BUN,Cohen_m2,24998.0,4.326204006057118,33.34451727232771,5.889935482435187,0.2973127541959581,-0.2819561270468044,,
inspire,all_states,BUN,Cohen_m3,24998.0,4.546846387271681,36.25317841510983,6.129220663647261,0.239058080113501,-0.2207848225720301,,
inspire,all_states,BUN,Cohen_m4,24998.0,4.408025643073785,36.211681244492496,5.859003041743962,0.3046740423102011,0.2122040724256475,,
inspire,normal,CA,NORMA_normal,12663.0,0.2450971877001609,2.6943338428536543,0.3134458510544359,0.3011753539889279,0.0249642168939899,,
inspire,normal,CA,NORMA_marginal,12663.0,0.3073079037538296,3.3686943456984118,0.3896984963528652,-0.080191168066678,-0.1386938098636466,,
inspire,normal,CA,NORMA_marginal_freq,12663.0,0.2496461600209865,2.708244757590465,0.3255514325629882,0.246154436246479,-0.1098944962034233,,
inspire,normal,CA,NORMA_oracle,12663.0,0.2450971877001609,2.6943338428536543,0.3134458510544359,0.3011753539889279,0.0249642168939899,,
inspire,normal,CA,Mean,12663.0,0.4477621829495745,4.868806135397382,0.5595480844948668,-1.226988572988461,-0.3589224921867263,,
inspire,normal,CA,Last,12663.0,0.4055674178918692,4.455462568972337,0.5262297774178156,-0.9696724074964664,-0.2193081829565391,,
inspire,normal,CA,ARIMA,12663.0,0.4978116396223913,5.465704101326812,0.7011862945307454,-2.4971156874824927,-0.2369749698957489,,
inspire,normal,CA,PopRI,12663.0,0.4399905235726124,4.9332655750878525,0.4998459843341371,-0.7771151805555312,0.3305377872542037,,
inspire,normal,CA,PerRI,12663.0,0.4743360444557779,5.166522045334865,0.6023368718626244,-1.5806081247674912,-0.3714274770486659,,
inspire,normal,CA,Gaussian_mle,12663.0,0.3127423281275895,3.446471595180054,0.387967091974592,-0.0706140563127943,0.0525759778511742,,
inspire,normal,CA,Gaussian_trunc,12663.0,1.6046886026951996,17.680951961484432,2.5900300499645814,-46.71476262815702,-1.126898214377988,,
inspire,normal,CA,Gaussian_eb,12663.0,0.385737719432187,4.257376710044566,0.5817812022223074,-1.4074791324145872,-0.0121222038652025,,
inspire,normal,CA,Cohen_m2,12663.0,0.3377206430026238,3.6496229249140097,0.4394321746060209,-0.3734943152479251,-0.2093384889369043,,
inspire,normal,CA,Cohen_m3,12663.0,0.2883521361306956,3.1351359848641307,0.3668485381570907,0.0427690161193465,-0.0592024625952771,,
inspire,normal,CA,Cohen_m4,12663.0,0.2785836712854466,3.040972735765689,0.3488976108080295,0.1341569946823517,-0.0221007767121279,,
inspire,all_states,CA,NORMA_normal,24724.0,0.4727209431013037,5.765371355800798,0.598211985004004,0.057933728442343,0.3594222644293044,,
inspire,all_states,CA,NORMA_marginal,24724.0,0.3254140070728098,3.840699410278788,0.4214306120736889,0.5324550252334924,0.0670100791083953,,
inspire,all_states,CA,NORMA_marginal_freq,24724.0,0.4230476762343249,5.126314810863933,0.5372906004511823,0.2400417717515965,0.2377271479837348,,
inspire,all_states,CA,NORMA_oracle,24724.0,0.2360535219251445,2.7627443070423485,0.3031974503038755,0.7579961220175405,0.0119743577447683,,
inspire,all_states,CA,Mean,24724.0,0.4335493571944362,5.0704800726479,0.5453372574369982,0.2171085050182889,-0.0286322259227406,,
inspire,all_states,CA,Last,24724.0,0.3688157381314789,4.281059403332108,0.4940840656246656,0.3573523383535437,-0.0726014584944175,,
inspire,all_states,CA,ARIMA,24724.0,0.4562966535230515,5.304018374231853,0.6680700120545736,-0.1749386528544412,-0.0629140908512835,,
inspire,all_states,CA,PopRI,24724.0,0.8753478401553138,10.68912857386919,1.0252311603787774,-1.767036134506751,0.8192889500080879,,
inspire,all_states,CA,PerRI,24724.0,0.4550910605846049,5.315805055111945,0.5818357740519745,0.1088063647719861,-0.0515802018625826,,
inspire,all_states,CA,Gaussian_mle,24724.0,0.6701854261449095,8.193196072673985,0.8375944062923603,-0.846880399938148,0.5369348803776289,,
inspire,all_states,CA,Gaussian_trunc,24724.0,1.6761941104451266,19.70060472075764,2.438780660881722,-14.65729451119592,-0.6395740237530604,,
inspire,all_states,CA,Gaussian_eb,24724.0,0.7190331049108206,8.744466186566676,0.9097506850236096,-1.1787932354772268,0.4737733493538009,,
inspire,all_states,CA,Cohen_m2,24724.0,0.4854176173528756,5.8331683722328345,0.6025111367051862,0.0443444349157823,0.2050561636440423,,
inspire,all_states,CA,Cohen_m3,24724.0,0.5661707040696947,6.890163812604598,0.6990789920821148,-0.2865413183821736,0.3881621341106673,,
inspire,all_states,CA,Cohen_m4,24724.0,0.5789142864071769,7.062932262982,0.7154169130251409,-0.3473785888162477,0.4249114080301633,,
inspire,normal,CL,NORMA_normal,17866.0,1.478366086988237,1.447682955809884,1.8738000891427748,0.1295921990493189,0.103568978663536,,
inspire,normal,CL,NORMA_marginal,17866.0,1.7510175669892372,1.717711404233043,2.245103398148322,-0.2495365340272819,0.1488754505167768,,
inspire,normal,CL,NORMA_marginal_freq,17866.0,1.4807545068134802,1.4503359547027783,1.874828065705268,0.1286369165097717,0.1296705282551928,,
inspire,normal,CL,NORMA_oracle,17866.0,1.478366086988237,1.447682955809884,1.8738000891427748,0.1295921990493189,0.103568978663536,,
inspire,normal,CL,Mean,17866.0,2.3332392731491574,2.298021156443617,2.918411424842214,-1.1113940713739816,1.2799737262098858,,
inspire,normal,CL,Last,17866.0,2.172898242471734,2.1306058745428227,2.91209508297805,-1.102264546500436,0.2738721594089331,,
inspire,normal,CL,ARIMA,17866.0,2.6965209519720026,2.647312027328405,3.952818997007455,-2.873380129667398,0.3972924912704562,,
inspire,normal,CL,PopRI,17866.0,1.6709951863875518,1.6374408261660611,2.013638708542107,-0.005169648519788,0.1444083734467704,,
inspire,normal,CL,PerRI,17866.0,2.46641151540055,2.425003616089348,3.2004120428317697,-1.5391482373229026,1.1465861979627647,,
inspire,normal,CL,Gaussian_mle,17866.0,1.6956826108173413,1.6655850484534531,2.0642680782152727,-0.0563515102342049,0.4561053738298661,,
inspire,normal,CL,Gaussian_trunc,17866.0,7.216860972173072,7.079846432297499,12.683752463208892,-38.88152710960253,4.524041680832637,,
inspire,normal,CL,Gaussian_eb,17866.0,1.684561471464603,1.654162141199779,2.0680752150270907,-0.0602515689113367,0.4013049801418176,,
inspire,normal,CL,Cohen_m2,17866.0,1.9475167412300411,1.9163111807310709,2.406819887842159,-0.4360297826086861,0.7226579235473619,,
inspire,normal,CL,Cohen_m3,17866.0,1.8581900221362275,1.8257752472853388,2.282472872343747,-0.2914794892124017,0.3269374086864048,,
inspire,normal,CL,Cohen_m4,17866.0,1.8113797097167148,1.780528366765414,2.224978602253953,-0.2272355904650871,0.4187213287473085,,
inspire,all_states,CL,NORMA_normal,26083.0,2.4670469935391983,2.4214683282538765,3.194922489751005,0.4053058184208631,0.0611316309573757,,
inspire,all_states,CL,NORMA_marginal,26083.0,2.196052828574514,2.153035539367166,2.8478025669727853,0.5275098155699276,0.0425492941320109,,
inspire,all_states,CL,NORMA_marginal_freq,26083.0,2.468409545090811,2.423553960379563,3.1940628157692004,0.4056258101172415,0.0874354975407411,,
inspire,all_states,CL,NORMA_oracle,26083.0,1.3998599390820328,1.3726939411791528,1.793764229906639,0.8125420966742674,0.0499452982094007,,
inspire,all_states,CL,Mean,26083.0,2.951300958324721,2.921170532701345,3.7404883016564767,0.1848648178062409,1.1646947534446108,,
inspire,all_states,CL,Last,26083.0,2.277268719089062,2.233904456818101,3.103500305028459,0.4388530311154729,0.2011271709542614,,
inspire,all_states,CL,ARIMA,26083.0,2.816705722639945,2.767848728175708,4.08963903142403,0.0255871766816565,0.2779544207256782,,
inspire,all_states,CL,PopRI,26083.0,3.2056128512824444,3.151186983754525,4.145274353656926,-0.0011049194276582,0.1377142199900318,,
inspire,all_states,CL,PerRI,26083.0,3.0591487844118315,3.023107395153856,3.994425592929452,0.0704308378575809,1.0652296073112393,,
inspire,all_states,CL,Gaussian_mle,26083.0,3.034168937083478,2.988005305102756,3.915377662090431,0.1068583258775934,0.400448013989491,,
inspire,all_states,CL,Gaussian_trunc,26083.0,8.178317840924333,8.033535580780239,12.977709967873745,-8.81226265185754,4.458387273221277,,
inspire,all_states,CL,Gaussian_eb,26083.0,3.036383610622098,2.9889610824899218,3.9273316091429193,0.101396341162518,0.3477536811277605,,
inspire,all_states,CL,Cohen_m2,26083.0,2.913494373215208,2.874387434172239,3.669152245259196,0.2156597515281184,0.6353256903611338,,
inspire,all_states,CL,Cohen_m3,26083.0,2.9348023320315684,2.8801484436430225,3.729251431256632,0.1897549869222963,0.1586101335858163,,
inspire,all_states,CL,Cohen_m4,26083.0,2.88737103705327,2.8367003622632065,3.6649558408517655,0.2174528233146306,0.2609363335506072,,
inspire,normal,CO2,NORMA_normal,6181.0,1.0061815247337444,3.976414508449286,1.2757487729416306,0.0969373349603291,0.0583712439111975,,
inspire,normal,CO2,NORMA_marginal,6181.0,1.193207167134565,4.714463434763702,1.5494577298795578,-0.3321313073170544,-0.0137830814167994,,
inspire,normal,CO2,NORMA_marginal_freq,6181.0,1.0097368740646508,3.998193962962381,1.2787619747132306,0.0926663944957401,0.114511442747123,,
inspire,normal,CO2,NORMA_oracle,6181.0,1.0061815247337444,3.976414508449286,1.2757487729416306,0.0969373349603291,0.0583712439111975,,
inspire,normal,CO2,Mean,6181.0,1.6216638691409326,6.382867794183237,2.0887190704148906,-1.4207371385763978,-0.3953699084943709,,
inspire,normal,CO2,Last,6181.0,1.5314674977325848,6.049646744886233,2.1004117639434488,-1.4479156746427373,-0.1654101365747778,,
inspire,normal,CO2,ARIMA,6181.0,1.878318951985697,7.424491612549168,2.8423941034095925,-3.482870118252043,-0.2798598804748037,,
inspire,normal,CO2,PopRI,6181.0,1.158210645526614,4.5889817119455305,1.350406052052432,-0.0118504298151653,0.1461414010677883,,
inspire,normal,CO2,PerRI,6181.0,1.6857151091088214,6.640546882556807,2.217217782835774,-1.7277481849125635,-0.3140904070871634,,
inspire,normal,CO2,Gaussian_mle,6181.0,1.1214660833831611,4.436784865184743,1.3710433419627814,-0.043013518619088,0.1027411670187131,,
inspire,normal,CO2,Gaussian_trunc,6181.0,4.017837856897602,15.820698070467182,7.23147791495638,-28.01627760702479,0.861535150881992,,
inspire,normal,CO2,Gaussian_eb,6181.0,1.1379019502217322,4.500853593270474,1.4092245987056995,-0.1019147589615969,0.0751149096623883,,
inspire,normal,CO2,Cohen_m2,6181.0,1.447406241739863,5.651174621793554,1.826224113691597,-0.8505282319073495,-0.4904101990318824,,
inspire,normal,CO2,Cohen_m3,6181.0,1.371017637192634,5.506302871991358,1.6514601203954762,-0.5132955352624566,0.7466233774212027,,
inspire,normal,CO2,Cohen_m4,6181.0,1.318324401736973,5.290577361670682,1.593044284621201,-0.4081316719528449,0.6624969257773791,,
inspire,all_states,CO2,NORMA_normal,10881.0,2.002614777877635,8.697931410363655,2.624247095945395,0.3305563762214074,0.5864740506503393,,
inspire,all_states,CO2,NORMA_marginal,10881.0,1.6855406952738867,7.203370991218328,2.2232596493275607,0.519509361463288,0.3676312875111853,,
inspire,all_states,CO2,NORMA_marginal_freq,10881.0,2.011598457344133,8.754947578477699,2.6347093000781574,0.3252079338799656,0.6409851124990035,,
inspire,all_states,CO2,NORMA_oracle,10881.0,1.054576544090729,4.420778253026011,1.3732960858364824,0.8166702596576652,0.0293752309362542,,
inspire,all_states,CO2,Mean,10881.0,2.185910838102145,9.116943019295617,2.827818503373462,0.22266607373317,-0.0300589611354221,,
inspire,all_states,CO2,Last,10881.0,1.6546549731937252,6.846551050600853,2.3245395203383747,0.4747350437684394,-0.0056337041217673,,
inspire,all_states,CO2,ARIMA,10881.0,2.04448060446351,8.462853459196364,3.0254736841017578,0.110202219018436,-0.0905916151929454,,
inspire,all_states,CO2,PopRI,10881.0,2.6130686517783293,11.412518349887172,3.328854724974261,-0.0771947889245567,0.8911313298410071,,
inspire,all_states,CO2,PerRI,10881.0,2.276729793667677,9.51441381458871,2.999261263630713,0.1255536770620055,0.0382991758693134,,
inspire,all_states,CO2,Gaussian_mle,10881.0,2.4509112978585086,10.701930843314466,3.1852408304456503,0.0137452515987848,0.7961968860463154,,
inspire,all_states,CO2,Gaussian_trunc,10881.0,4.95171618630908,20.666990062493785,7.630625552088192,-4.660109640344929,1.4656059254490454,,
inspire,all_states,CO2,Gaussian_eb,10881.0,2.4620969524612257,10.740263594377735,3.199005602536261,0.0052027862396438,0.7716396458032169,,
inspire,all_states,CO2,Cohen_m2,10881.0,2.3548439747729994,10.008611396693746,3.0343990729044528,0.104944526213731,0.1742060840201063,,
inspire,all_states,CO2,Cohen_m3,10881.0,2.670545630976072,11.851645488363488,3.3932144180918877,-0.1192501628517705,1.4806481335358346,,
inspire,all_states,CO2,Cohen_m4,10881.0,2.6292421964805426,11.651913584614276,3.3513090737911164,-0.0917759509329376,1.3892783296885003,,
inspire,normal,CRE,NORMA_normal,28193.0,0.0593947501034649,7.600344334207828,0.0794591207190106,0.7639457308323597,-0.0025422984318731,,
inspire,normal,CRE,NORMA_marginal,28193.0,0.0660381297813385,8.433233333177398,0.0898366087576454,0.6982612768642986,-0.0044796119898491,,
inspire,normal,CRE,NORMA_marginal_freq,28193.0,0.0609962258825147,7.951980693971109,0.080716294764138,0.7564171067099341,0.0117477109736634,,
inspire,normal,CRE,NORMA_oracle,28193.0,0.0593947501034649,7.600344334207828,0.0794591207190106,0.7639457308323597,-0.0025422984318731,,
inspire,normal,CRE,Mean,28193.0,0.0775822700433995,9.936839650457092,0.1028198133187149,0.6047444548453432,0.0014089487191085,,
inspire,normal,CRE,Last,28193.0,0.0732575522392414,9.392922613366848,0.1030737661659698,0.6027895742316928,-0.0076845391672855,,
inspire,normal,CRE,ARIMA,28193.0,0.0889927008862212,11.436850091160794,0.131226438190094,0.3561761929970163,-0.0063400183926256,,
inspire,normal,CRE,PopRI,28193.0,0.1458950803390912,20.647266427352942,0.1673366262453309,-0.0469028133384592,0.1084652218635831,,
inspire,normal,CRE,PerRI,28193.0,0.0785880793355408,10.007781890831945,0.1054135001298182,0.5845518617946203,-0.0030893008334646,,
inspire,normal,CRE,Gaussian_mle,28193.0,0.0733387018769596,9.516792362621215,0.0953100351003738,0.6603734695933632,0.0068825111154567,,
inspire,normal,CRE,Gaussian_trunc,28193.0,0.2557517427655165,34.465159332481896,0.5264067361879452,-9.360178203021649,-0.186497386676389,,
inspire,normal,CRE,Gaussian_eb,28193.0,0.1447276805506939,19.516302769971325,0.2753007326052343,-1.8336035220116156,-0.0715608392054094,,
inspire,normal,CRE,Cohen_m2,28193.0,0.0823988149473337,10.719783902923266,0.1073327684391779,0.5692859765507624,0.0106268836843647,,
inspire,normal,CRE,Cohen_m3,28193.0,0.0936477119019551,12.6325865136908,0.1187371895251298,0.4728940972822071,0.0498219489745984,,
inspire,normal,CRE,Cohen_m4,28193.0,0.0947474049117199,13.361576491525812,0.1176368791278577,0.4826179729439774,0.0417558419150948,,
inspire,all_states,CRE,NORMA_normal,35747.0,0.0796354017036726,11.0577456284038,0.1090163593379154,0.7443984993851855,0.0079939769690435,,
inspire,all_states,CRE,NORMA_marginal,35747.0,0.0685456786785116,9.139881732829425,0.0967650304626819,0.7986197268072308,0.0008581555753807,,
inspire,all_states,CRE,NORMA_marginal_freq,35747.0,0.0824333682084362,11.703249790406277,0.111439020014741,0.7329118506334011,0.0221062416041545,,
inspire,all_states,CRE,NORMA_oracle,35747.0,0.0546035763336121,7.162895290769105,0.0752368312698593,0.8782578288384445,-0.0020144375837155,,
inspire,all_states,CRE,Mean,35747.0,0.0878855564570442,11.912052111499806,0.1188582642833848,0.6961642881562403,0.0083123501182897,,
inspire,all_states,CRE,Last,35747.0,0.071365995269377,9.446542392809205,0.1047995034507464,0.7637898800255046,-0.0047013799363917,,
inspire,all_states,CRE,ARIMA,35747.0,0.0885387119160358,11.789506318081934,0.133375293296359,0.6174124570744388,-0.0028030250343831,,
inspire,all_states,CRE,PopRI,35747.0,0.1943572887235292,29.56880801877741,0.229902190516404,-0.1367534183940648,0.1270498223627157,,
inspire,all_states,CRE,PerRI,35747.0,0.0879027398329595,11.790008234961034,0.1218874464523137,0.6804800293392752,0.0034407272533825,,
inspire,all_states,CRE,Gaussian_mle,35747.0,0.1096392486744772,15.745755371268642,0.1518759371284494,0.503912834043132,0.0237158526818535,,
inspire,all_states,CRE,Gaussian_trunc,35747.0,0.2899142397462256,41.81621187997946,0.5489771970369234,-5.481696045741286,-0.1846473046387908,,
inspire,all_states,CRE,Gaussian_eb,35747.0,0.1720074306637682,24.71480682795189,0.2863408796379353,-0.7633834477041455,-0.0510389831703883,,
inspire,all_states,CRE,Cohen_m2,35747.0,0.1022653226652062,14.752276281744548,0.1334859129820384,0.6167775679097554,0.0259471166669783,,
inspire,all_states,CRE,Cohen_m3,35747.0,0.1177760620319543,17.578718585379733,0.1494708680453104,0.5195002526027119,0.0653623513806318,,
inspire,all_states,CRE,Cohen_m4,35747.0,0.1231542076716894,19.04666514666185,0.1552837101579409,0.4814007929954149,0.0600173408479514,,
inspire,normal,GLU,NORMA_normal,5819.0,5.4161278055508655,6.1653957280904255,7.080965518360333,-0.3962589087288006,-0.1978132303975091,,
inspire,normal,GLU,NORMA_marginal,5819.0,13.146243470073813,15.19494320570543,18.66688848125669,-8.703420765482035,12.181973054136256,,
inspire,normal,GLU,NORMA_marginal_freq,5819.0,10.742987829302024,12.635181469269058,13.225181325902096,-3.870620232175603,10.5122727086281,,
inspire,normal,GLU,NORMA_oracle,5819.0,5.4161278055508655,6.1653957280904255,7.080965518360333,-0.3962589087288006,-0.1978132303975091,,
inspire,normal,GLU,Mean,5819.0,25.57323976695513,29.479509032623767,33.23295307006607,-29.755222024004183,25.20124071024133,,
inspire,normal,GLU,Last,5819.0,19.422581199518817,22.146188326481333,32.809385066020056,-28.976241526339475,16.9750816291459,,
inspire,normal,GLU,ARIMA,5819.0,24.487719403304087,27.979140095558563,37.1698336137744,-37.47354743809974,20.342334469024447,,
inspire,normal,GLU,PopRI,5819.0,5.884945866987455,6.4756181515397016,7.15448020770532,-0.4254013677378205,-3.908489431173741,,
inspire,normal,GLU,PerRI,5819.0,21.26449372128499,24.52449350890764,30.530329460187108,-24.95637140888303,20.022873618649506,,
inspire,normal,GLU,Gaussian_mle,5819.0,5.387086970180586,6.090410247482501,6.508798549104068,-0.1797300944207225,-1.0175700828196623,,
inspire,normal,GLU,Gaussian_trunc,5819.0,7.282481131122084,8.300967975817732,13.872076695590923,-4.358755725618972,1.30906322418352,,
inspire,normal,GLU,Gaussian_eb,5819.0,5.405116800978402,6.105818983385343,6.515668196346272,-0.1822216775741667,-1.094099259968271,,
inspire,normal,GLU,Cohen_m2,5819.0,7.047663105048353,8.160969131603592,8.887319455190973,-1.1994929810620216,2.8426980980484524,,
inspire,normal,GLU,Cohen_m3,5819.0,7.001138690083804,8.297466217210049,8.867187319468586,-1.1895393976649822,5.420503484237889,,
inspire,normal,GLU,Cohen_m4,5819.0,11.038413971309136,12.954516940203458,13.84827756601642,-4.340384385069713,10.34697264366327,,
inspire,all_states,GLU,NORMA_normal,28673.0,44.88826774459071,28.13295599962896,61.95346734137437,-1.075681772061463,-43.75868954856574,,
inspire,all_states,GLU,NORMA_marginal,28673.0,24.742257882057977,16.422645933950832,36.49251665127505,0.2798264510553384,-15.148919272891348,,
inspire,all_states,GLU,NORMA_marginal_freq,28673.0,32.98043399718154,20.818761245184888,47.28066031838352,-0.2089173291940698,-28.14231950277505,,
inspire,all_states,GLU,NORMA_oracle,28673.0,19.763234998834516,13.143317510162012,30.152568701057103,0.5083249531575417,-6.842139009161664,,
inspire,all_states,GLU,Mean,28673.0,25.970580138573546,19.60286171512766,35.16904626964461,0.3311161368852281,-0.429835851284307,,
inspire,all_states,GLU,Last,28673.0,26.593380532208,19.75443836044545,39.26904587506806,0.1660687757304259,1.1596972761831688,,
inspire,all_states,GLU,ARIMA,28673.0,27.94034638509879,21.41328243479228,41.41131644034907,0.0725988931698862,2.870941293756529,,
inspire,all_states,GLU,PopRI,28673.0,49.27790953161511,31.384545778716088,65.10057202843294,-1.2919183716209326,-48.87680047431382,,
inspire,all_states,GLU,PerRI,28673.0,26.812186797499947,19.40419855349736,37.59805624765448,0.2355302184041691,-5.990895192603766,,
inspire,all_states,GLU,Gaussian_mle,28673.0,47.63368914313173,30.09459633195292,63.98969109914341,-1.2143668124383151,-46.74692393657667,,
inspire,all_states,GLU,Gaussian_trunc,28673.0,47.4859585596208,30.24165752208234,63.83796234657709,-1.203878098512997,-44.72032944523117,,
inspire,all_states,GLU,Gaussian_eb,28673.0,47.69276120307503,30.140238253922277,64.03245921965296,-1.2173277879743083,-46.81786806070632,,
inspire,all_states,GLU,Cohen_m2,28673.0,46.00871655810712,29.08044958325674,62.23723888027397,-1.0947402173020129,-43.95467179940692,,
inspire,all_states,GLU,Cohen_m3,28673.0,42.32541910789553,26.452948518569634,58.79316019626468,-0.8693178186404997,-39.79659847495936,,
inspire,all_states,GLU,Cohen_m4,28673.0,39.25042775803722,24.60960594432508,55.62264509843989,-0.6731420405676465,-34.505221453525564,,
inspire,normal,HCT,NORMA_normal,5539.0,1.4413675424273122,3.5434157922006366,1.945578262595728,0.5173844568355751,0.1969475281455923,,
inspire,normal,HCT,NORMA_marginal,5539.0,2.2748167407674003,5.563388912250973,3.12408917334945,-0.2443734533452426,-1.6178958179604397,,
inspire,normal,HCT,NORMA_marginal_freq,5539.0,3.1784320084218582,7.674364953175596,3.851510358566268,-0.8913244392457418,-3.1396761968865645,,
inspire,normal,HCT,NORMA_oracle,5539.0,1.4413675424273122,3.5434157922006366,1.945578262595728,0.5173844568355751,0.1969475281455923,,
inspire,normal,HCT,Mean,5539.0,3.011522252848141,7.352699348288823,4.157814967007512,-1.2041147987892966,-2.3215377302049856,,
inspire,normal,HCT,Last,5539.0,2.508684022100765,6.155885952931642,3.614905179447302,-0.6660871471599012,-1.5132336910762263,,
inspire,normal,HCT,ARIMA,5539.0,3.1328821090780643,7.6988066432121265,4.75366829462867,-1.8811219540602504,-1.7630155297745884,,
inspire,normal,HCT,PopRI,5539.0,2.9738400433291203,7.490380144802838,3.350687657957384,-0.431435507536364,2.7898718180176925,,
inspire,normal,HCT,PerRI,5539.0,3.1712262787032164,7.749967023283867,4.420230003255533,-1.4911141592397086,-2.312993723265506,,
inspire,normal,HCT,Gaussian_mle,5539.0,1.8027017537313743,4.479720299769842,2.256307264566779,0.3509167868734594,0.8428534983108055,,
inspire,normal,HCT,Gaussian_trunc,5539.0,9.182638893322109,22.658505901782725,14.37191030159492,-25.334973762753982,-7.004141381561707,,
inspire,normal,HCT,Gaussian_eb,5539.0,2.185701313156424,5.439965175909943,3.054748296395691,-0.1897473785022736,0.5467265993059529,,
inspire,normal,HCT,Cohen_m2,5539.0,2.258844056949867,5.589608032926842,2.7900679903515044,0.0074932542890094,0.2508575227334191,,
inspire,normal,HCT,Cohen_m3,5539.0,2.483791786988605,6.234133081051259,3.079722703190129,-0.2092807042710966,1.3052784291818522,,
inspire,normal,HCT,Cohen_m4,5539.0,1.8894009226688648,4.601386724370651,2.395506748383184,0.2683578938017158,-0.0531921969357115,,
inspire,all_states,HCT,NORMA_normal,34365.0,6.290593554595143,20.944474111499535,7.60213241133324,-1.1420297132825614,6.0803115063249225,,
inspire,all_states,HCT,NORMA_marginal,34365.0,2.127846299682774,6.577415859406967,2.852618703166005,0.698392538018717,0.36795627161659,,
inspire,all_states,HCT,NORMA_marginal_freq,34365.0,2.4789417588900045,7.769998870494708,3.1675246279609595,0.6281270131833567,0.8863750938708526,,
inspire,all_states,HCT,NORMA_oracle,34365.0,1.832419575369724,5.7067500848386885,2.4547941110909743,0.7766506067748806,0.0516451626526081,,
inspire,all_states,HCT,Mean,34365.0,3.074322346331709,9.6799021715776,3.929790382430279,0.4276082015548076,0.9917296062450912,,
inspire,all_states,HCT,Last,34365.0,2.217410236704424,6.741149016307886,3.0897472920131186,0.6461651934703998,-0.0346196618504042,,
inspire,all_states,HCT,ARIMA,34365.0,2.7598216951536774,8.401356858615145,4.155358363900777,0.3600123413874772,-0.0306562663522418,,
inspire,all_states,HCT,PopRI,34365.0,10.551695038556671,34.569923714143435,11.721820461467962,-4.092660930295242,10.522042776080312,,
inspire,all_states,HCT,PerRI,34365.0,3.1768391347335747,9.941015015950668,4.155412857026058,0.3599955557563574,0.8473028750632855,,
inspire,all_states,HCT,Gaussian_mle,34365.0,9.462238400531394,31.33338048272737,10.973604529412285,-3.4632708371295724,9.30752868172521,,
inspire,all_states,HCT,Gaussian_trunc,34365.0,12.02314663712524,37.98804941752184,13.960398657296096,-6.223543160663922,3.825931585198316,,
inspire,all_states,HCT,Gaussian_eb,34365.0,9.532241863684218,31.46292482953843,11.022623013535105,-3.503234263065368,9.054578487784248,,
inspire,all_states,HCT,Cohen_m2,34365.0,7.804579828118854,26.110867763926063,9.172741206384412,-2.11855144670413,7.433310869078995,,
inspire,all_states,HCT,Cohen_m3,34365.0,8.544820599954894,28.40736164660497,9.86335521308913,-2.605819467287568,8.34254125336728,,
inspire,all_states,HCT,Cohen_m4,34365.0,6.1949681132602565,20.810408170037935,7.424880284721036,-1.043306623510765,5.83339212562742,,
inspire,normal,HGB,NORMA_normal,5130.0,0.4821149264627499,3.5509371641062804,0.6539018393467921,0.6432629222545516,0.0439641299628843,,
inspire,normal,HGB,NORMA_marginal,5130.0,0.7518320944084439,5.493035410452011,1.0432112897112369,0.0920379657237905,-0.5339970891746969,,
inspire,normal,HGB,NORMA_marginal_freq,5130.0,1.0476969985292748,7.566927612791485,1.2972390691600226,-0.403987277228945,-1.0314586315416812,,
inspire,normal,HGB,NORMA_oracle,5130.0,0.4821149264627499,3.5509371641062804,0.6539018393467921,0.6432629222545516,0.0439641299628843,,
inspire,normal,HGB,Mean,5130.0,0.9935579025948138,7.25099497566402,1.3733831570343469,-0.5736442760479019,-0.7429268346494984,,
inspire,normal,HGB,Last,5130.0,0.8596102099390752,6.306889618065192,1.2467408099654245,-0.296807410759109,-0.5308383000431466,,
inspire,normal,HGB,ARIMA,5130.0,1.0965348197298304,8.064617957152302,1.6556267368681774,-1.2869043203573094,-0.6193889317015077,,
inspire,normal,HGB,PopRI,5130.0,1.2007797270955167,9.018352083231964,1.313862214286055,-0.4401999055482046,1.1217933723196885,,
inspire,normal,HGB,PerRI,5130.0,1.0553880794496693,7.713721448530807,1.4873842306116585,-0.8457355536769275,-0.7627640917767619,,
inspire,normal,HGB,Gaussian_mle,5130.0,0.6474453871844648,4.830682514629013,0.8261317236645227,0.4305944033909072,0.3001274596886401,,
inspire,normal,HGB,Gaussian_trunc,5130.0,1.3020081019332774,9.725071500508982,2.902169406460839,-6.026978936285889,-0.3879941463317137,,
inspire,normal,HGB,Gaussian_eb,5130.0,0.6771799461250997,5.039546057158006,0.8698367260458317,0.3687540376497465,0.2630049277076707,,
inspire,normal,HGB,Cohen_m2,5130.0,0.6975917451795313,4.993957889690874,0.9359014854466624,0.2692254644037879,-0.3532712849399496,,
inspire,normal,HGB,Cohen_m3,5130.0,0.7454408462702878,5.276384507466725,0.997281381467468,0.1702284223752199,-0.5160240000823316,,
inspire,normal,HGB,Cohen_m4,5130.0,0.6744103662963034,4.791653172195365,0.9152656174214968,0.3010961567482417,-0.4207353573700602,,
inspire,all_states,HGB,NORMA_normal,29417.0,2.053092756708048,20.47696798358853,2.502059098021888,-0.9307096568300666,1.9719492523716475,,
inspire,all_states,HGB,NORMA_marginal,29417.0,0.6626064443749422,6.085529788613004,0.9001645395355813,0.750100352650219,0.0803225580232272,,
inspire,all_states,HGB,NORMA_marginal_freq,29417.0,0.8047768314689324,7.517040928228659,1.034733846027595,0.6697984161543267,0.288554625595674,,
inspire,all_states,HGB,NORMA_oracle,29417.0,0.5724881840241728,5.308941922935522,0.7683687178737627,0.8179204410403282,0.0139865029363519,,
inspire,all_states,HGB,Mean,29417.0,1.0320690656307163,9.73017333019234,1.3189199689018685,0.4635135847896069,0.357651803629849,,
inspire,all_states,HGB,Last,29417.0,0.7067410312308556,6.370857581474362,1.0027046217976432,0.6899241981217107,-0.0637998480173878,,
inspire,all_states,HGB,ARIMA,29417.0,0.9127198028690802,8.260458117829725,1.4168899474093868,0.3808525620952037,-0.0794338956175707,,
inspire,all_states,HGB,PopRI,29417.0,3.8629703912703537,37.79353986728155,4.280709871399071,-4.65136594606251,3.849196043104328,,
inspire,all_states,HGB,PerRI,29417.0,1.0629186404215698,9.94412185846226,1.3997922574482506,0.3957049789416652,0.2874615649673276,,
inspire,all_states,HGB,Gaussian_mle,29417.0,3.4037884368144344,33.75673127535586,3.982352396145684,-3.891040035244688,3.343220025077902,,
inspire,all_states,HGB,Gaussian_trunc,29417.0,3.584301544240959,35.23026062752824,4.339418665300935,-4.807442886185191,2.9275783570511877,,
inspire,all_states,HGB,Gaussian_eb,29417.0,3.394812923609664,33.66821433683872,3.977309024304641,-3.878659556871464,3.317339073249357,,
inspire,all_states,HGB,Cohen_m2,29417.0,1.7972570160606658,18.165311162425176,2.1953670191360493,-0.4864014252034785,1.567406568732435,,
inspire,all_states,HGB,Cohen_m3,29417.0,1.7699311828963409,17.916434497857843,2.165388079979345,-0.4460833491270295,1.5030680359181865,,
inspire,all_states,HGB,Cohen_m4,29417.0,1.719095590156171,17.44376714872772,2.1166833646000405,-0.3817632417464112,1.4784745955688483,,
inspire,normal,K,NORMA_normal,29472.0,0.2636066987835494,6.383958795385558,0.3350149069996392,0.2366241918363452,-0.0267611356466264,,
inspire,normal,K,NORMA_marginal,29472.0,0.2642749580956761,6.39007392790387,0.3373542626429158,0.2259259066450617,-0.0346542507216519,,
inspire,normal,K,NORMA_marginal_freq,29472.0,0.2636047764839123,6.382499722961908,0.335053781833709,0.2364470186476311,-0.0277530222811399,,
inspire,normal,K,NORMA_oracle,29472.0,0.2636066987835494,6.383958795385558,0.3350149069996392,0.2366241918363452,-0.0267611356466264,,
inspire,normal,K,Mean,29472.0,0.3106318651214725,7.410576941648681,0.3981109191340143,-0.0779988740945851,-0.1213177078837477,,
inspire,normal,K,Last,29472.0,0.326391157109885,7.926604103871232,0.4275614151081978,-0.2433893415677444,-0.0604574282316897,,
inspire,normal,K,ARIMA,29472.0,0.3660262144166692,8.873276328485492,0.5177341290150058,-0.8231555248348585,-0.0635735085687079,,
inspire,normal,K,PopRI,29472.0,0.3466849891422367,8.705019600463725,0.4116310806775948,-0.1524615562142672,0.1497183767643865,,
inspire,normal,K,PerRI,29472.0,0.331276254490199,7.906919570225073,0.4268946421009333,-0.2395142865622033,-0.1436821568387191,,
inspire,normal,K,Gaussian_mle,29472.0,0.2906076486387242,7.0413663265630655,0.3664089737642411,0.0868495623059951,-0.0274767717564759,,
inspire,normal,K,Gaussian_trunc,29472.0,1.5842105986772217,38.70320012827802,2.5612853814396144,-43.61964084257134,-0.756059044552861,,
inspire,normal,K,Gaussian_eb,29472.0,0.3585334780380324,8.73619479571246,0.5786868039097119,-1.2777040117749756,-0.0959544439725849,,
inspire,normal,K,Cohen_m2,29472.0,0.3086128561167971,7.490414813613377,0.3904456024564839,-0.0368864525170054,-0.0148019104645902,,
inspire,normal,K,Cohen_m3,29472.0,0.3037092510833284,7.382629191775402,0.3809603983913185,0.0128803593806057,-0.0077858468705746,,
inspire,normal,K,Cohen_m4,29472.0,0.2869119051451534,7.006100530283434,0.3584575011242343,0.1260522381622378,0.0119141571296542,,
inspire,all_states,K,NORMA_normal,34063.0,0.3028477606650048,7.722876348732812,0.3820619825723677,0.3359437992365141,0.034782586993493,,
inspire,all_states,K,NORMA_marginal,34063.0,0.2968221707465128,7.53217572527973,0.3756937904088621,0.3578962291945671,0.0225676402565762,,
inspire,all_states,K,NORMA_marginal_freq,34063.0,0.3027603549882791,7.718859169640874,0.381966345496193,0.3362762083622537,0.0338134782910629,,
inspire,all_states,K,NORMA_oracle,34063.0,0.2456558791420035,6.0389613389739685,0.3176703713458699,0.5409176375835716,-0.0240712398588631,,
inspire,all_states,K,Mean,34063.0,0.3363311753631525,8.370590770517694,0.4286361033533247,0.164176297480224,-0.058329684593936,,
inspire,all_states,K,Last,34063.0,0.3267768608320936,8.146679179832557,0.4354151456125222,0.1375294994649889,-0.0274550478733408,,
inspire,all_states,K,ARIMA,34063.0,0.3727104087446143,9.309574775250017,0.5268695191240144,-0.2628254761378779,-0.021066492985328,,
inspire,all_states,K,PopRI,34063.0,0.4306857880985233,11.40119015296921,0.5251884998711526,-0.2547800405000044,0.2366541408566479,,
inspire,all_states,K,PerRI,34063.0,0.3510789962782535,8.70238495568463,0.4518779637725186,0.0710774351847037,-0.082770406830567,,
inspire,all_states,K,Gaussian_mle,34063.0,0.3481761291361696,8.94200798513666,0.4408107530471974,0.1160218169835541,0.0519602223442361,,
inspire,all_states,K,Gaussian_trunc,34063.0,1.6439045557168823,41.42739950877662,2.5890606273259387,-29.49450773537476,-0.7397220755888064,,
inspire,all_states,K,Gaussian_eb,34063.0,0.4144512921584415,10.626389073377576,0.6226673368299229,-0.7638000704981662,-0.0188867712079651,,
inspire,all_states,K,Cohen_m2,34063.0,0.3580605352981447,9.165919888343714,0.4493253608409903,0.0815425316346488,0.0592504454125213,,
inspire,all_states,K,Cohen_m3,34063.0,0.3643091761631579,9.379749476592538,0.4577786190944009,0.0466591647185258,0.073161983236614,,
inspire,all_states,K,Cohen_m4,34063.0,0.3484781908036342,9.022081437595167,0.4367971044091099,0.1320460422018488,0.0904257529166084,,
inspire,normal,NA,NORMA_normal,27157.0,1.5558689236970151,1.1186591579250291,1.9693652365137173,0.2533065531589912,-0.0043144047679494,,
inspire,normal,NA,NORMA_marginal,27157.0,1.6501251798284615,1.1853751041380003,2.103618226307544,0.1480312700698298,-0.3783563986026778,,
inspire,normal,NA,NORMA_marginal_freq,27157.0,1.5646052849511918,1.1224387974239294,1.989499594409017,0.2379604447158432,-0.3448073277155349,,
inspire,normal,NA,NORMA_oracle,27157.0,1.5558689236970151,1.1186591579250291,1.9693652365137173,0.2533065531589912,-0.0043144047679494,,
inspire,normal,NA,Mean,27157.0,1.9085386358964216,1.368043284116896,2.4577566263621597,-0.162967441509106,-0.7423616605406709,,
inspire,normal,NA,Last,27157.0,1.9541186434436792,1.405625860226439,2.6421650586079912,-0.3440322659006094,-0.4577825238428398,,
inspire,normal,NA,ARIMA,27157.0,2.3171730551691,1.6667781861331437,3.4905464456384485,-1.345722574194315,-0.5066256674005326,,
inspire,normal,NA,PopRI,27157.0,2.365117649224877,1.714377064889289,2.8173736633128508,-0.5281947594621264,1.6563501123099016,,
inspire,normal,NA,PerRI,27157.0,2.0166314131490566,1.446662826776035,2.669367897181556,-0.371850138243111,-0.6931793227977155,,
inspire,normal,NA,Gaussian_mle,27157.0,1.7127899614348003,1.232302923653879,2.142277820505138,0.1164291329546954,0.1157213715248842,,
inspire,normal,NA,Gaussian_trunc,27157.0,12.102005244318375,8.71867986058732,17.606200774679845,-58.67894061313196,-8.46400360956709,,
inspire,normal,NA,Gaussian_eb,27157.0,1.8524537257211944,1.3342456212854783,2.474902166993621,-0.1792499781397367,0.0146371250369022,,
inspire,normal,NA,Cohen_m2,27157.0,1.8704464417931064,1.3450898303123713,2.3240752007225107,-0.0398965995510698,0.1115516797166275,,
inspire,normal,NA,Cohen_m3,27157.0,1.9288463978114745,1.3926721769789647,2.3842779521906388,-0.094469266151304,0.6952740414686835,,
inspire,normal,NA,Cohen_m4,27157.0,1.810975028518883,1.3029749478438086,2.2574864780853594,0.01883935438432,0.1253178162414458,,
inspire,all_states,NA,NORMA_normal,33286.0,2.022753278588701,1.4816186134089382,2.6320014690853792,0.2879397045185106,0.749175334101377,,
inspire,all_states,NA,NORMA_marginal,33286.0,1.8751006747172647,1.366430030692818,2.412492610934964,0.4017585517708438,0.2003918712787824,,
inspire,all_states,NA,NORMA_marginal_freq,33286.0,1.978957365609177,1.4464563950729707,2.563141503244503,0.3247109908328981,0.4202831023431126,,
inspire,all_states,NA,NORMA_oracle,33286.0,1.539570658566365,1.1160462582870108,1.9401844923058944,0.613071630332416,-0.0149765060489899,,
inspire,all_states,NA,Mean,33286.0,2.1546509263998925,1.5673012586960575,2.770797342872961,0.2108600309980642,-0.0389489176189062,,
inspire,all_states,NA,Last,33286.0,2.0379138376494623,1.4805142702041634,2.7517071222721365,0.2216965934485826,-0.1033467523883915,,
inspire,all_states,NA,ARIMA,33286.0,2.407711395860743,1.749116081438535,3.5663101082852013,-0.3073224661397553,-0.0889256088570058,,
inspire,all_states,NA,PopRI,33286.0,3.2856756594364,2.420830601242451,4.13023104778431,-0.7534492860454476,2.707414528630656,,
inspire,all_states,NA,PerRI,33286.0,2.2700501542758023,1.6518196915680246,2.989039783234236,0.081650685223661,0.0069107874442252,,
inspire,all_states,NA,Gaussian_mle,33286.0,2.34369366934157,1.719805658118961,3.087407649070209,0.0202112082759686,1.0406956612846217,,
inspire,all_states,NA,Gaussian_trunc,33286.0,12.522900553202923,9.103660276640502,17.588201869593117,-30.79709165267137,-8.551479464986699,,
inspire,all_states,NA,Gaussian_eb,33286.0,2.480026734636878,1.819458874789264,3.3261141160226373,-0.1371527507829086,0.8951270723329059,,
inspire,all_states,NA,Cohen_m2,33286.0,2.4497861572808386,1.7945855354237488,3.1285627659464823,-0.0060840410834894,1.0146801047819936,,
inspire,all_states,NA,Cohen_m3,33286.0,2.722712299438836,2.002856678324438,3.5425134310551014,-0.2899341082845879,1.7162794303286644,,
inspire,all_states,NA,Cohen_m4,33286.0,2.41755079597061,1.772558698809857,3.1283184295714417,-0.0059268997078731,1.0422761185140712,,
inspire,normal,PLT,NORMA_normal,24504.0,31.210779443816197,11.9596558856695,43.14542293159966,0.6496331222116377,-7.489120838652239,,
inspire,normal,PLT,NORMA_marginal,24504.0,32.89684882858352,12.762191671398218,45.21896182487502,0.6151471061710628,-11.189771936893605,,
inspire,normal,PLT,NORMA_marginal_freq,24504.0,31.99236247412501,12.07169057128151,44.25315688619878,0.6314112319968086,-12.762225148403164,,
inspire,normal,PLT,NORMA_oracle,24504.0,31.210779443816197,11.9596558856695,43.14542293159966,0.6496331222116377,-7.489120838652239,,
inspire,normal,PLT,Mean,24504.0,54.48749182845472,20.253138135743004,72.17452600949542,0.0195590030253247,-30.917139602905326,,
inspire,normal,PLT,Last,24504.0,38.63671237349004,15.072507610521557,54.26233120369192,0.4458204728093689,-15.711883774077702,,
inspire,normal,PLT,ARIMA,24504.0,49.30073932396791,19.257103765515264,74.11761070245187,-0.0339425385442371,-12.964061081389657,,
inspire,normal,PLT,PopRI,24504.0,73.1071661769507,33.953724361394336,84.42834455336786,-0.3416218717441697,42.603574926542606,,
inspire,normal,PLT,PerRI,24504.0,59.45614885913129,21.947170097667403,80.00312810015876,-0.2046683997279557,-37.68264190172245,,
inspire,normal,PLT,Gaussian_mle,24504.0,51.11788318312871,19.51621983895539,67.19634055914132,0.150145013386618,-18.57451298804281,,
inspire,normal,PLT,Gaussian_trunc,24504.0,135.98378200924753,55.238502512869005,271.15785075785146,-12.838784548009972,-102.56993590061316,,
inspire,normal,PLT,Gaussian_eb,24504.0,58.88525500030316,23.288509366787935,82.7879524944144,-0.2899945207197625,-27.390834186409773,,
inspire,normal,PLT,Cohen_m2,24504.0,53.35635113568233,19.253052080846373,71.41642398739283,0.040047415363065,-31.965965110337933,,
inspire,normal,PLT,Cohen_m3,24504.0,49.88521874079392,19.451434725740175,64.48661212589198,0.2173047379756941,-10.87404611645436,,
inspire,normal,PLT,Cohen_m4,24504.0,49.76225280823989,20.59707580787372,63.21053965730089,0.2479744806050129,4.762502578127591,,
inspire,all_states,PLT,NORMA_normal,28848.0,34.67914983873161,19.94297416190808,46.95427401846997,0.709924829769136,1.7463382183017826,,
inspire,all_states,PLT,NORMA_marginal,28848.0,31.181469282239657,14.18186577383069,43.65254914090141,0.7492854633984827,-7.768453906790746,,
inspire,all_states,PLT,NORMA_marginal_freq,28848.0,34.90245987372158,19.562692491433054,47.19728086126423,0.7069145539141259,-3.181056573876753,,
inspire,all_states,PLT,NORMA_oracle,28848.0,28.7575088192606,12.447658275270852,40.59716479893022,0.7831538555092709,-6.974767530751241,,
inspire,all_states,PLT,Mean,28848.0,52.73005147839534,24.19790261263038,70.3268315376014,0.3492676485844542,-21.19091460325376,,
inspire,all_states,PLT,Last,28848.0,35.849417637271216,15.778733390519308,51.866908853857424,0.6460507248901857,-12.43926788685524,,
inspire,all_states,PLT,ARIMA,28848.0,46.0866657672311,20.460128316479945,71.16015913682672,0.3337547636659952,-9.508657145974068,,
inspire,all_states,PLT,PopRI,28848.0,91.42834858569051,61.48903990731694,109.0553674820732,-0.5647839633759111,65.51806017748197,,
inspire,all_states,PLT,PerRI,28848.0,56.8271732143298,25.402755105543623,77.40552311832575,0.2116770037571291,-27.613592133404502,,
inspire,all_states,PLT,Gaussian_mle,28848.0,62.959488332829366,39.65381512026087,84.18786232175175,0.067477627613037,3.761537841343415,,
inspire,all_states,PLT,Gaussian_trunc,28848.0,144.15484602392647,78.62512969375834,270.4718699400058,-8.625083431727665,-83.9161097227715,,
inspire,all_states,PLT,Gaussian_eb,28848.0,70.0588970839816,43.19743488486533,96.62355036450404,-0.2283617321031363,-6.506449463598083,,
inspire,all_states,PLT,Cohen_m2,28848.0,56.48082099751638,29.581610249274803,73.11482854236752,0.2966504282796874,-15.993459274685522,,
inspire,all_states,PLT,Cohen_m3,28848.0,59.41882301633119,36.28730475879591,75.38345550438144,0.252325828791291,7.808831818951413,,
inspire,all_states,PLT,Cohen_m4,28848.0,62.1133664237481,40.6370000085235,80.00406969025889,0.1578596925683759,23.889784905491307,,
inspire,normal,TBIL,NORMA_normal,20594.0,0.1303527279809874,21.926081136209483,0.1748819745332783,0.3576627812123282,-0.0232970188239876,,
inspire,normal,TBIL,NORMA_marginal,20594.0,0.1485770100916477,24.31707443178296,0.2104652864078834,0.069676609816745,-0.0064592829625734,,
inspire,normal,TBIL,NORMA_marginal_freq,20594.0,0.1311432325915216,21.629973488518388,0.1767497617553027,0.343868837297534,-0.0359950941773474,,
inspire,normal,TBIL,NORMA_oracle,20594.0,0.1303527279809874,21.926081136209483,0.1748819745332783,0.3576627812123282,-0.0232970188239876,,
inspire,normal,TBIL,Mean,20594.0,0.2067507830085526,38.380306405716105,0.2714772973197828,-0.5478897508735963,0.1180287633097043,,
inspire,normal,TBIL,Last,20594.0,0.1656162023975558,28.089439042074112,0.2508904230348527,-0.3220295369442625,0.0517189518857421,,
inspire,normal,TBIL,ARIMA,20594.0,0.2088977542279465,36.125260050020806,0.3276840385165935,-1.2551922250044818,0.0761752909148783,,
inspire,normal,TBIL,PopRI,20594.0,0.204477032145285,43.17420343083159,0.2381930782107794,-0.1916021128156926,0.0955132562882393,,
inspire,normal,TBIL,PerRI,20594.0,0.1970997104434539,35.26480181118211,0.2697450864814583,-0.5281995796758125,0.0830322541839857,,
inspire,normal,TBIL,Gaussian_mle,20594.0,0.1565782082490186,28.83695551308528,0.1961584053177795,0.1918595684655251,0.0244379003495956,,
inspire,normal,TBIL,Gaussian_trunc,20594.0,0.9200146455458658,177.19858744559153,1.4189248748363348,-41.285531654050345,-0.2618363657940502,,
inspire,normal,TBIL,Gaussian_eb,20594.0,0.20952179311393,40.93500543784933,0.3287198301488439,-1.2694718407473475,-0.0342444507995585,,
inspire,normal,TBIL,Cohen_m2,20594.0,0.2305598122769158,41.59537854575551,0.3148822513701382,-1.082424931154685,0.1160695488918947,,
inspire,normal,TBIL,Cohen_m3,20594.0,0.1794178859613538,34.17947182743228,0.2269015073387596,-0.0813038584479937,0.0513921148478087,,
inspire,normal,TBIL,Cohen_m4,20594.0,0.1549124119799149,28.81454523157535,0.198343249094539,0.1737569162224984,0.0336370055726098,,
inspire,all_states,TBIL,NORMA_normal,23750.0,0.1904576866448553,24.080498184003613,0.2912107192493369,0.3793436857830362,-0.0971992914383035,,
inspire,all_states,TBIL,NORMA_marginal,23750.0,0.1792997417908878,24.457712648288048,0.2635535872248083,0.4916365392218874,-0.0457532171361935,,
inspire,all_states,TBIL,NORMA_marginal_freq,23750.0,0.1932290571319843,23.97209443156425,0.2964314382661086,0.356890409082236,-0.1103208678423475,,
inspire,all_states,TBIL,NORMA_oracle,23750.0,0.1478242041723351,21.46580829131876,0.2060265986021557,0.6893416371235173,-0.0103834582951194,,
inspire,all_states,TBIL,Mean,23750.0,0.2331285032763359,36.82890315509776,0.3125365524457926,0.2851118497195801,0.0588826611749863,,
inspire,all_states,TBIL,Last,23750.0,0.1864757922905369,27.337205004422643,0.2849487478851351,0.4057489333518718,0.0271494776128467,,
inspire,all_states,TBIL,ARIMA,23750.0,0.2353236333543475,35.056189263816925,0.3710337223254855,-0.0075421663711632,0.0466503221326092,,
inspire,all_states,TBIL,PopRI,23750.0,0.2783494736842106,44.12994208008059,0.3700913116345322,-0.0024304334867706,-0.0182231578947367,,
inspire,all_states,TBIL,PerRI,23750.0,0.2305756074102546,34.5649347689772,0.3244205174044915,0.2297120762375376,0.0253576796388003,,
inspire,all_states,TBIL,Gaussian_mle,23750.0,0.2295668947264403,31.182019932763843,0.3359658528692306,0.1739111867594703,-0.0726049688114987,,
inspire,all_states,TBIL,Gaussian_trunc,23750.0,0.9592020165769456,164.87979183693056,1.43335566655241,-14.036418317695103,-0.2737670641919099,,
inspire,all_states,TBIL,Gaussian_eb,23750.0,0.2771197308261843,41.79089457253841,0.420140272737559,-0.2918886719510651,-0.1251339797684088,,
inspire,all_states,TBIL,Cohen_m2,23750.0,0.2551325218365067,39.63951890212925,0.3518478681828335,0.0939622100050643,0.0506260128308597,,
inspire,all_states,TBIL,Cohen_m3,23750.0,0.2378748841591885,35.03564523385004,0.3281510180923508,0.2118951937811415,-0.0377251457008562,,
inspire,all_states,TBIL,Cohen_m4,23750.0,0.2155116066280164,30.299968193797085,0.3078964827726348,0.3061814297812766,-0.0520174295721556,,
inspire,normal,TP,NORMA_normal,15817.0,0.2974502639507626,4.4444455109667365,0.3811774404043327,0.443984902341737,0.0083478554692304,,
inspire,normal,TP,NORMA_marginal,15817.0,0.3512819747625162,5.2484489343924325,0.4497847046386659,0.2258206716623114,-0.1102223582147332,,
inspire,normal,TP,NORMA_marginal_freq,15817.0,0.2965334698824681,4.405413117933786,0.3813304048569368,0.4435385610780703,-0.0321998203473996,,
inspire,normal,TP,NORMA_oracle,15817.0,0.2974502639507626,4.4444455109667365,0.3811774404043327,0.443984902341737,0.0083478554692304,,
inspire,normal,TP,Mean,15817.0,0.5223146071829439,7.656671388292276,0.6622044858737834,-0.6780946089403062,-0.3335800280432162,,
inspire,normal,TP,Last,15817.0,0.4585319593325497,6.835241202902886,0.609703196673762,-0.422555271860028,-0.212075612662135,,
inspire,normal,TP,ARIMA,15817.0,0.5729473003395091,8.527122811368121,0.8386564346935143,-1.6915371117646854,-0.2257364167322485,,
inspire,normal,TP,PopRI,15817.0,0.5138332174242904,7.937327170805954,0.6003502591908865,-0.3792456099855619,0.3148068533855977,,
inspire,normal,TP,PerRI,15817.0,0.5671067828941468,8.360605757559915,0.728405069758619,-1.030383732067273,-0.3521981177806981,,
inspire,normal,TP,Gaussian_mle,15817.0,0.414198944007251,6.238971210153693,0.5111002270111392,0.0003583260674174,0.0646096084168501,,
inspire,normal,TP,Gaussian_trunc,15817.0,2.439336790064169,36.71093109366293,3.710821786632223,-51.695363031199626,-1.481854482567589,,
inspire,normal,TP,Gaussian_eb,15817.0,0.482451245860334,7.282939647910555,0.6993653160226447,-0.8717178668684016,0.0063457838370307,,
inspire,normal,TP,Cohen_m2,15817.0,0.4129714077263798,6.038222756180265,0.5228773162520639,-0.0462411761822858,-0.1371547799243964,,
inspire,normal,TP,Cohen_m3,15817.0,0.4044362318216568,5.961018723294964,0.4995683388746195,0.0449589962557569,-0.0704914907593036,,
inspire,normal,TP,Cohen_m4,15817.0,0.3903008519544262,5.73444704527825,0.4939405407957865,0.0663554828175501,-0.0974456108678357,,
inspire,all_states,TP,NORMA_normal,24046.0,0.4737520656817311,8.31899208156361,0.6163414256811537,0.3992108231637571,0.2829504299687336,,
inspire,all_states,TP,NORMA_marginal,24046.0,0.3734903960857634,6.198663268913729,0.4913861602298053,0.6181214858469384,0.0490732799810628,,
inspire,all_states,TP,NORMA_marginal_freq,24046.0,0.4625894066175078,8.094759001112898,0.6017319182169647,0.4273549900263863,0.2456064339136975,,
inspire,all_states,TP,NORMA_oracle,24046.0,0.2877344277995126,4.661180518876766,0.3719292528798468,0.7812238081371146,-0.0221452271215512,,
inspire,all_states,TP,Mean,24046.0,0.5431215651168997,8.88901875618756,0.6864562861167863,0.2547445583952278,-0.0521677450965493,,
inspire,all_states,TP,Last,24046.0,0.4312609240128892,6.942149035895207,0.5947533837474804,0.4405603723359208,-0.0992389430958508,,
inspire,all_states,TP,ARIMA,24046.0,0.5437462327299113,8.761508343283163,0.8219334968128614,-0.0684464068314056,-0.0883205173597125,,
inspire,all_states,TP,PopRI,24046.0,0.903235465358064,16.079778442903613,1.1085007967829503,-0.943351689781044,0.7723197205356402,,
inspire,all_states,TP,PerRI,24046.0,0.5815208230621318,9.504853825817683,0.7511926637322484,0.1075537708821131,-0.084668910409812,,
inspire,all_states,TP,Gaussian_mle,24046.0,0.7388887194566557,13.106928476851657,0.9491527100134844,-0.4247923255901717,0.508935524703542,,
inspire,all_states,TP,Gaussian_trunc,24046.0,2.4195403257983705,39.5036821398022,3.510391056798824,-18.489037084898225,-1.0127006643972625,,
inspire,all_states,TP,Gaussian_eb,24046.0,0.792135693379704,13.936921669253287,1.037195742333192,-0.7013780820842956,0.4528545165717605,,
inspire,all_states,TP,Cohen_m2,24046.0,0.6213136637715525,10.762926100825752,0.7756321454718397,0.048539019307681,0.2594511539956095,,
inspire,all_states,TP,Cohen_m3,24046.0,0.6522538610517231,11.40557034403551,0.8155783076104617,-0.0519878289429363,0.339855466804736,,
inspire,all_states,TP,Cohen_m4,24046.0,0.6017670489900335,10.471988594982609,0.7581074642057062,0.0910480443663352,0.2809367319951188,,
inspire,normal,WBC,NORMA_normal,21046.0,1.0536384146913405,14.859596052713304,1.3533082773975782,0.2830835981687654,-0.1038038229971777,,
inspire,normal,WBC,NORMA_marginal,21046.0,1.1756135212414447,16.568295719825926,1.536954514249436,0.0753080649189765,0.1066758299549741,,
inspire,normal,WBC,NORMA_marginal_freq,21046.0,1.055272926620926,15.031438106923012,1.3507909630150152,0.2857482171879572,-0.0276256881128471,,
inspire,normal,WBC,NORMA_oracle,21046.0,1.0536384146913405,14.859596052713304,1.3533082773975782,0.2830835981687654,-0.1038038229971777,,
inspire,normal,WBC,Mean,21046.0,1.8596224154325087,27.93245195917351,2.31968707333542,-1.106366042927727,1.2304341200310118,,
inspire,normal,WBC,Last,21046.0,1.6275844017203902,22.979222429661142,2.2234318008633718,-0.9351857881426358,0.633776542028637,,
inspire,normal,WBC,ARIMA,21046.0,2.073800180330636,29.78384822937764,3.1024437419898714,-2.7677568673852795,0.8250126566147129,,
inspire,normal,WBC,PopRI,21046.0,1.4394407488358834,22.29768829093957,1.6772904220036913,-0.1012643337159153,0.5086168393043806,,
inspire,normal,WBC,PerRI,21046.0,1.8068104743733135,26.226024684824097,2.366733047624013,-1.1926715932147456,0.7133183815458709,,
inspire,normal,WBC,Gaussian_mle,21046.0,1.2796511344100203,18.798894256333263,1.5632979549154844,0.0433379204443403,0.1640273336846926,,
inspire,normal,WBC,Gaussian_trunc,21046.0,4.397855045190703,65.176482515545,8.413489915872677,-26.70941755945166,-1.9085157151454248,,
inspire,normal,WBC,Gaussian_eb,21046.0,1.3007702994795527,19.153850652559875,1.617056869671647,-0.0235890411410393,0.1532879206116651,,
inspire,normal,WBC,Cohen_m2,21046.0,1.9668634597468733,28.43198403594324,2.5630115288877247,-1.5714386043242934,1.073857024159368,,
inspire,normal,WBC,Cohen_m3,21046.0,1.6629324283960552,24.75352510400407,2.079151852051233,-0.6921835114502792,0.6750471129340837,,
inspire,normal,WBC,Cohen_m4,21046.0,1.3530277197358498,19.71163441425567,1.699882771472237,-0.1311312077838999,0.1914547490969385,,
inspire,all_states,WBC,NORMA_normal,29128.0,1.733643745204244,22.67530846659975,2.448489398981935,0.3547224064114874,-0.6021021547264465,,
inspire,all_states,WBC,NORMA_marginal,29128.0,1.558101351881775,20.80577343263417,2.169109696964131,0.4935773042305169,-0.2763417320077775,,
inspire,all_states,WBC,NORMA_marginal_freq,29128.0,1.7284801022017735,22.893806224763345,2.4280812477438136,0.3654343508959451,-0.526262347713912,,
inspire,all_states,WBC,NORMA_oracle,29128.0,1.087356326863583,14.350197431151011,1.4482835854650131,0.7742346198805772,-0.1134447409510121,,
inspire,all_states,WBC,Mean,29128.0,2.1665811945107856,32.458838744794235,2.744063336095497,0.1895272987102393,0.7193243098705006,,
inspire,all_states,WBC,Last,29128.0,1.7404707380043087,23.60341928808008,2.453732923363221,0.3519556786749382,0.3786855146728416,,
inspire,all_states,WBC,ARIMA,29128.0,2.1967117368971327,30.591754637085835,3.28345362740574,-0.1604111767689409,0.5206545100344271,,
inspire,all_states,WBC,PopRI,29128.0,2.3822806234550944,35.620920309082145,3.0488733668903256,-0.0005272056485201,-0.0699866108212029,,
inspire,all_states,WBC,PerRI,29128.0,2.176328391389522,30.560018462600745,2.9102407729009165,0.0883923292499443,0.2135754068405576,,
inspire,all_states,WBC,Gaussian_mle,29128.0,2.1365925547113003,29.889293944316552,2.8697727232943517,0.1135685915812709,-0.4088628908289569,,
inspire,all_states,WBC,Gaussian_trunc,29128.0,5.0646654020973845,75.89697646940638,8.711781920574674,-7.168910157049526,-2.5071255131363546,,
inspire,all_states,WBC,Gaussian_eb,29128.0,2.1553928367755666,30.20749862582808,2.8993216528045056,0.0952201355880659,-0.421979371130523,,
inspire,all_states,WBC,Cohen_m2,29128.0,2.291280120905531,33.332018737715515,2.9724999727603976,0.0489708085584165,0.564256542372003,,
inspire,all_states,WBC,Cohen_m3,29128.0,2.182905976253694,31.497374809345587,2.809663288525152,0.150313568933051,0.1167807432748039,,
inspire,all_states,WBC,Cohen_m4,29128.0,1.984629554137919,26.96283992726404,2.6650734559250195,0.235515830900912,-0.3693213609531338,,
inspire,normal,pooled,NORMA_normal,309164.0,4.205688337884356,9.866667732720654,12.811100406420309,0.9724254984342648,-0.8574543143482001,,
inspire,normal,pooled,NORMA_marginal,309164.0,4.645727879859192,11.160972836659903,13.680888884583265,0.9685541432149264,-0.7443333644367633,,
inspire,normal,pooled,NORMA_marginal_freq,309164.0,4.479038732637545,10.685475674422284,13.231768927759235,0.9705848805061214,-0.6508301763569938,,
inspire,normal,pooled,NORMA_oracle,309164.0,4.205688337884356,9.866667732720654,12.811100406420309,0.9724254984342648,-0.8574543143482001,,
inspire,normal,pooled,Mean,309164.0,7.250010239129829,16.28273286458424,21.589080755414564,0.9216925462484936,-1.9457028189627523,,
inspire,normal,pooled,Last,309164.0,5.475139712056974,13.285170424513352,16.655857111760813,0.9533911085409392,-0.9577557286456654,,
inspire,normal,pooled,ARIMA,309164.0,6.977223556877887,16.91490276346828,22.589442625700077,0.9142674322333896,-0.5500963416963666,,
inspire,normal,pooled,PopRI,309164.0,8.923651492411793,20.79922826033648,24.763751825813813,0.896969054099308,4.594586077292311,,
inspire,normal,pooled,PerRI,309164.0,7.681967729457052,16.0668601419593,23.756685437305094,0.905178571134347,-3.036076277931149,,
inspire,normal,pooled,Gaussian_mle,309164.0,6.32991798560663,13.29690500913351,19.69269201859314,0.9348454156310236,-1.672196766446493,,
inspire,normal,pooled,Gaussian_trunc,309164.0,18.74170345351275,54.56493776725657,80.64634662324598,-0.0927081874977502,-10.446077625099608,,
inspire,normal,pooled,Gaussian_eb,309164.0,7.055594864444504,15.993127828966388,24.05005122637919,0.9028222560286508,-2.487832250511796,,
inspire,normal,pooled,Cohen_m2,309164.0,6.724926257925473,15.649375456679152,20.891881169778628,0.9266686137555536,-2.407695742745077,,
inspire,normal,pooled,Cohen_m3,309164.0,6.880124914362239,17.676532186592713,19.32236508592825,0.9372728771045205,0.4333454819418545,,
inspire,normal,pooled,Cohen_m4,309164.0,6.6322078300276806,15.54941223747728,18.845138744392877,0.9403330993393664,1.4185217274799604,,
inspire,all_states,pooled,NORMA_normal,480238.0,7.033846264277847,15.556736139845622,19.66631650071782,0.9211693840500124,-2.3004665653174303,,
inspire,all_states,pooled,NORMA_marginal,480238.0,5.100471770442965,11.589355095629411,14.594176738085386,0.9565881719443546,-1.4734266140325365,,
inspire,all_states,pooled,NORMA_marginal_freq,480238.0,6.002141984245937,13.738271336068234,16.956041699023864,0.9413999720174052,-1.7754301666794514,,
inspire,all_states,pooled,NORMA_oracle,480238.0,4.332176401364068,9.170150420675704,12.910499718740564,0.966026915708848,-0.944053568901712,,
inspire,all_states,pooled,Mean,480238.0,7.163815464331268,16.782656356814975,20.15164888036276,0.9172305543582292,-1.2977752287928994,,
inspire,all_states,pooled,Last,480238.0,5.58430581780047,12.565962778841673,16.59724923137954,0.9438537050589776,-0.7723029274736575,,
inspire,all_states,pooled,ARIMA,480238.0,6.7900166304923175,15.91641241572504,21.207775905429536,0.9083274899040176,-0.3905000260356992,,
inspire,all_states,pooled,PopRI,480238.0,12.417395353970328,30.78423473038143,32.1204302802311,0.7897134091538083,2.735662171673213,,
inspire,all_states,pooled,PerRI,480238.0,7.569952385243236,16.529689558300696,22.07266615102449,0.9006978936127629,-2.38366538016836,,
inspire,all_states,pooled,Gaussian_mle,480238.0,9.810182939148364,22.59419070979697,26.80134969338649,0.8535928784936009,-1.995242432909341,,
inspire,all_states,pooled,Gaussian_trunc,480238.0,19.17116052449425,55.87900363594349,72.01449156291376,-0.0570332999357869,-9.248856788585778,,
inspire,all_states,pooled,Gaussian_eb,480238.0,10.319604697112169,24.529786797775767,29.28563383279704,0.8251932785974001,-2.7261389955256288,,
inspire,all_states,pooled,Cohen_m2,480238.0,9.073487700470238,20.357772077093507,24.3866115615954,0.8787862763022749,-3.0681329312365366,,
inspire,all_states,pooled,Cohen_m3,480238.0,9.417588894742687,23.549061868427447,24.421812409421143,0.8784360919147645,-0.4799675042543879,,
inspire,all_states,pooled,Cohen_m4,480238.0,8.947178460774602,21.12666432381237,24.6423337011968,0.8762308123943512,0.3985043395321738,,
inspire,all_states,median,ARIMA,,2.1967117368971327,10.064106916125844,3.28345362740574,0.0255871766816565,,19.0,480238.0
inspire,all_states,median,Cohen_m2,,2.3548439747729994,18.165311162425176,3.0343990729044528,0.0939622100050643,,19.0,480238.0
inspire,all_states,median,Cohen_m3,,2.670545630976072,17.916434497857843,3.3932144180918877,-0.1192501628517705,,19.0,480238.0
inspire,all_states,median,Cohen_m4,,2.41755079597061,19.04666514666185,3.1283184295714417,0.0701243655680549,,19.0,480238.0
inspire,all_states,median,Gaussian_eb,,2.480026734636878,26.396380901889486,3.3261141160226373,-0.2918886719510651,,19.0,480238.0
inspire,all_states,median,Gaussian_mle,,2.4509112978585086,26.34664079272946,3.1852408304456503,0.067477627613037,,19.0,480238.0
inspire,all_states,median,Gaussian_trunc,,5.0646654020973845,41.42739950877662,8.711781920574674,-8.376050536296725,,19.0,480238.0
inspire,all_states,median,Last,,1.7404707380043087,8.146679179832557,2.453732923363221,0.4482521248907961,,19.0,480238.0
inspire,all_states,median,Mean,,2.1665811945107856,10.1054501108775,2.770797342872961,0.2851118497195801,,19.0,480238.0
inspire,all_states,median,NORMA_marginal,,1.6855406952738867,7.53217572527973,2.2232596493275607,0.5324550252334924,,19.0,480238.0
inspire,all_states,median,NORMA_marginal_freq,,1.978957365609177,9.812321895963196,2.563141503244503,0.4258249779902702,,19.0,480238.0
inspire,all_states,median,NORMA_normal,,2.022753278588701,14.335726436297492,2.624247095945395,0.3547224064114874,,19.0,480238.0
inspire,all_states,median,NORMA_oracle,,1.087356326863583,6.085450697539248,1.4482835854650131,0.7753358382673989,,19.0,480238.0
inspire,all_states,median,PerRI,,2.2700501542758023,10.515043243521372,2.989039783234236,0.2116770037571291,,19.0,480238.0
inspire,all_states,median,PopRI,,3.2056128512824444,31.579651563131225,4.13023104778431,-0.2547800405000044,,19.0,480238.0
inspire,normal,median,ARIMA,,2.073800180330636,11.436850091160794,3.1024437419898714,-1.6915371117646854,,19.0,309164.0
inspire,normal,median,Cohen_m2,,1.8704464417931064,8.949874490836343,2.3240752007225107,-0.3145145029370679,,19.0,309164.0
inspire,normal,median,Cohen_m3,,1.6629324283960552,8.297466217210049,2.079151852051233,-0.0813038584479937,,19.0,309164.0
inspire,normal,median,Cohen_m4,,1.3530277197358498,7.112437243556058,1.699882771472237,0.0663554828175501,,19.0,309164.0
inspire,normal,median,Gaussian_eb,,1.3007702994795527,8.73619479571246,1.617056869671647,-0.1822216775741667,,19.0,309164.0
inspire,normal,median,Gaussian_mle,,1.2796511344100203,6.7591399046291984,1.5632979549154844,0.0868495623059951,,19.0,309164.0
inspire,normal,median,Gaussian_trunc,,4.397855045190703,34.465159332481896,8.413489915872677,-28.91905239827419,,19.0,309164.0
inspire,normal,median,Last,,1.6275844017203902,8.408142702726021,2.2234318008633718,-0.422555271860028,,19.0,309164.0
inspire,normal,median,Mean,,1.8596224154325087,9.936839650457092,2.31968707333542,-0.5736442760479019,,19.0,309164.0
inspire,normal,median,NORMA_marginal,,1.193207167134565,7.894528553765907,1.5494577298795578,0.0753080649189765,,19.0,309164.0
inspire,normal,median,NORMA_marginal_freq,,1.055272926620926,7.951980693971109,1.3507909630150152,0.246154436246479,,19.0,309164.0
inspire,normal,median,NORMA_normal,,1.0536384146913405,6.1653957280904255,1.3533082773975782,0.3576627812123282,,19.0,309164.0
inspire,normal,median,NORMA_oracle,,1.0536384146913405,6.1653957280904255,1.3533082773975782,0.3576627812123282,,19.0,309164.0
inspire,normal,median,PerRI,,1.8068104743733135,10.007781890831945,2.366733047624013,-0.8457355536769275,,19.0,309164.0
inspire,normal,median,PopRI,,1.4394407488358834,9.018352083231964,1.6772904220036913,-0.3416218717441697,,19.0,309164.0
