analyte,age,method,ri_low,ri_high,ri_mid,n
A1C,35,NORMA,4.75,6.05,5.4,7
A1C,40,NORMA,4.34,6.22,5.28,7
A1C,45,NORMA,3.95,6.0,4.98,8
A1C,50,NORMA,4.34,6.32,5.33,21
A1C,55,NORMA,4.43,6.41,5.42,24
A1C,60,NORMA,4.43,6.29,5.36,50
A1C,65,NORMA,4.47,6.44,5.45,39
A1C,70,NORMA,4.36,6.48,5.42,68
A1C,75,NORMA,4.18,6.33,5.25,31
A1C,80,NORMA,5.22,6.53,5.88,10
A1C,35,NORMA_334f7e21,4.8,6.04,5.42,7
A1C,40,NORMA_334f7e21,4.36,6.17,5.26,7
A1C,45,NORMA_334f7e21,4.13,5.95,5.04,8
A1C,50,NORMA_334f7e21,4.48,6.26,5.37,21
A1C,55,NORMA_334f7e21,4.51,6.37,5.44,24
A1C,60,NORMA_334f7e21,4.47,6.25,5.36,50
A1C,65,NORMA_334f7e21,4.45,6.39,5.42,39
A1C,70,NORMA_334f7e21,4.46,6.44,5.45,68
A1C,75,NORMA_334f7e21,4.29,6.33,5.31,31
A1C,80,NORMA_334f7e21,5.27,6.44,5.86,10
A1C,35,NORMA_q_age,4.74,6.03,5.39,7
A1C,40,NORMA_q_age,4.23,6.1,5.16,7
A1C,45,NORMA_q_age,4.09,5.88,4.99,8
A1C,50,NORMA_q_age,4.47,6.23,5.35,21
A1C,55,NORMA_q_age,4.43,6.33,5.38,24
A1C,60,NORMA_q_age,4.36,6.22,5.29,50
A1C,65,NORMA_q_age,4.33,6.37,5.35,39
A1C,70,NORMA_q_age,4.34,6.4,5.37,68
A1C,75,NORMA_q_age,4.26,6.28,5.27,31
A1C,80,NORMA_q_age,5.2,6.41,5.81,10
A1C,35,NORMA_q_age_set_co,4.75,6.07,5.41,7
A1C,40,NORMA_q_age_set_co,4.51,6.21,5.36,7
A1C,45,NORMA_q_age_set_co,4.26,5.99,5.13,8
A1C,50,NORMA_q_age_set_co,4.53,6.23,5.38,21
A1C,55,NORMA_q_age_set_co,4.36,6.38,5.37,24
A1C,60,NORMA_q_age_set_co,4.31,6.23,5.27,50
A1C,65,NORMA_q_age_set_co,4.35,6.38,5.36,39
A1C,70,NORMA_q_age_set_co,4.32,6.4,5.36,68
A1C,75,NORMA_q_age_set_co,4.18,6.29,5.23,31
A1C,80,NORMA_q_age_set_co,5.17,6.4,5.79,10
ALB,20,NORMA,3.43,4.83,4.13,46
ALB,25,NORMA,3.35,4.57,3.96,48
ALB,30,NORMA,3.3,4.74,4.02,44
ALB,35,NORMA,3.37,4.81,4.09,67
ALB,40,NORMA,3.41,4.62,4.02,95
ALB,45,NORMA,3.46,4.68,4.07,84
ALB,50,NORMA,3.37,4.59,3.98,152
ALB,55,NORMA,3.38,4.54,3.96,234
ALB,60,NORMA,3.34,4.48,3.91,278
ALB,65,NORMA,3.36,4.55,3.95,262
ALB,70,NORMA,3.36,4.56,3.96,299
ALB,75,NORMA,3.28,4.49,3.89,232
ALB,80,NORMA,3.25,4.44,3.84,113
ALB,85,NORMA,3.19,4.45,3.82,40
ALB,90,NORMA,3.2,4.75,3.98,6
ALB,20,NORMA_334f7e21,3.44,4.85,4.14,46
ALB,25,NORMA_334f7e21,3.35,4.65,4.0,48
ALB,30,NORMA_334f7e21,3.3,4.78,4.04,44
ALB,35,NORMA_334f7e21,3.33,4.74,4.04,67
ALB,40,NORMA_334f7e21,3.4,4.69,4.05,95
ALB,45,NORMA_334f7e21,3.41,4.72,4.06,84
ALB,50,NORMA_334f7e21,3.35,4.61,3.98,152
ALB,55,NORMA_334f7e21,3.35,4.55,3.95,234
ALB,60,NORMA_334f7e21,3.33,4.52,3.92,278
ALB,65,NORMA_334f7e21,3.32,4.58,3.95,262
ALB,70,NORMA_334f7e21,3.33,4.56,3.95,299
ALB,75,NORMA_334f7e21,3.27,4.48,3.88,232
ALB,80,NORMA_334f7e21,3.25,4.42,3.84,113
ALB,85,NORMA_334f7e21,3.21,4.51,3.86,40
ALB,90,NORMA_334f7e21,3.25,4.84,4.04,6
ALB,20,NORMA_q_age,3.37,4.76,4.07,46
ALB,25,NORMA_q_age,3.31,4.57,3.94,48
ALB,30,NORMA_q_age,3.28,4.68,3.98,44
ALB,35,NORMA_q_age,3.32,4.67,3.99,67
ALB,40,NORMA_q_age,3.36,4.65,4.0,95
ALB,45,NORMA_q_age,3.38,4.69,4.04,84
ALB,50,NORMA_q_age,3.32,4.62,3.97,152
ALB,55,NORMA_q_age,3.34,4.54,3.94,234
ALB,60,NORMA_q_age,3.3,4.51,3.9,278
ALB,65,NORMA_q_age,3.29,4.58,3.94,262
ALB,70,NORMA_q_age,3.3,4.51,3.91,299
ALB,75,NORMA_q_age,3.23,4.44,3.84,232
ALB,80,NORMA_q_age,3.2,4.45,3.82,113
ALB,85,NORMA_q_age,3.16,4.52,3.84,40
ALB,90,NORMA_q_age,3.14,4.76,3.95,6
ALB,20,NORMA_q_age_set_co,3.53,4.77,4.15,46
ALB,25,NORMA_q_age_set_co,3.43,4.54,3.98,48
ALB,30,NORMA_q_age_set_co,3.43,4.65,4.04,44
ALB,35,NORMA_q_age_set_co,3.5,4.75,4.13,67
ALB,40,NORMA_q_age_set_co,3.5,4.53,4.01,95
ALB,45,NORMA_q_age_set_co,3.52,4.59,4.05,84
ALB,50,NORMA_q_age_set_co,3.46,4.56,4.01,152
ALB,55,NORMA_q_age_set_co,3.46,4.48,3.97,234
ALB,60,NORMA_q_age_set_co,3.42,4.42,3.92,278
ALB,65,NORMA_q_age_set_co,3.42,4.46,3.94,262
ALB,70,NORMA_q_age_set_co,3.44,4.46,3.95,299
ALB,75,NORMA_q_age_set_co,3.37,4.38,3.88,232
ALB,80,NORMA_q_age_set_co,3.36,4.32,3.84,113
ALB,85,NORMA_q_age_set_co,3.3,4.35,3.83,40
ALB,90,NORMA_q_age_set_co,3.28,4.33,3.8,6
ALP,20,NORMA,43.43,100.59,72.01,40
ALP,25,NORMA,39.35,85.86,62.61,37
ALP,30,NORMA,43.48,85.41,64.45,44
ALP,35,NORMA,43.53,84.16,63.85,70
ALP,40,NORMA,44.77,90.81,67.79,85
ALP,45,NORMA,45.64,88.47,67.05,104
ALP,50,NORMA,47.55,91.32,69.44,157
ALP,55,NORMA,48.39,97.75,73.07,228
ALP,60,NORMA,50.41,98.35,74.38,270
ALP,65,NORMA,48.62,96.09,72.35,294
ALP,70,NORMA,46.52,94.76,70.64,270
ALP,75,NORMA,48.14,95.78,71.96,262
ALP,80,NORMA,46.87,88.64,67.75,108
ALP,85,NORMA,43.35,97.72,70.54,29
ALP,20,NORMA_334f7e21,44.21,102.2,73.2,40
ALP,25,NORMA_334f7e21,39.78,88.5,64.14,37
ALP,30,NORMA_334f7e21,43.94,87.59,65.76,44
ALP,35,NORMA_334f7e21,42.65,87.14,64.9,70
ALP,40,NORMA_334f7e21,44.81,91.26,68.03,85
ALP,45,NORMA_334f7e21,44.54,90.47,67.5,104
ALP,50,NORMA_334f7e21,46.84,93.39,70.12,157
ALP,55,NORMA_334f7e21,47.62,99.39,73.5,228
ALP,60,NORMA_334f7e21,49.14,100.89,75.02,270
ALP,65,NORMA_334f7e21,47.7,98.99,73.35,294
ALP,70,NORMA_334f7e21,46.18,95.25,70.71,270
ALP,75,NORMA_334f7e21,47.73,96.93,72.33,262
ALP,80,NORMA_334f7e21,45.1,92.48,68.79,108
ALP,85,NORMA_334f7e21,43.45,99.34,71.4,29
ALP,20,NORMA_q_age,46.04,99.71,72.87,40
ALP,25,NORMA_q_age,42.17,85.08,63.62,37
ALP,30,NORMA_q_age,45.08,86.47,65.77,44
ALP,35,NORMA_q_age,43.86,85.85,64.85,70
ALP,40,NORMA_q_age,45.57,90.47,68.02,85
ALP,45,NORMA_q_age,45.31,89.62,67.47,104
ALP,50,NORMA_q_age,47.56,92.95,70.25,157
ALP,55,NORMA_q_age,48.97,97.75,73.36,228
ALP,60,NORMA_q_age,49.97,99.91,74.94,270
ALP,65,NORMA_q_age,48.29,98.24,73.27,294
ALP,70,NORMA_q_age,47.51,94.31,70.91,270
ALP,75,NORMA_q_age,48.92,95.97,72.45,262
ALP,80,NORMA_q_age,46.54,91.53,69.04,108
ALP,85,NORMA_q_age,44.65,99.24,71.94,29
ALP,20,NORMA_q_age_set_co,48.52,96.9,72.71,40
ALP,25,NORMA_q_age_set_co,42.61,86.07,64.34,37
ALP,30,NORMA_q_age_set_co,44.02,87.81,65.91,44
ALP,35,NORMA_q_age_set_co,45.22,89.47,67.35,70
ALP,40,NORMA_q_age_set_co,47.69,90.73,69.21,85
ALP,45,NORMA_q_age_set_co,47.99,90.29,69.14,104
ALP,50,NORMA_q_age_set_co,49.33,94.14,71.73,157
ALP,55,NORMA_q_age_set_co,50.45,99.96,75.21,228
ALP,60,NORMA_q_age_set_co,51.67,101.05,76.36,270
ALP,65,NORMA_q_age_set_co,50.81,98.63,74.72,294
ALP,70,NORMA_q_age_set_co,48.98,95.21,72.1,270
ALP,75,NORMA_q_age_set_co,50.94,97.82,74.38,262
ALP,80,NORMA_q_age_set_co,48.91,93.0,70.96,108
ALP,85,NORMA_q_age_set_co,49.46,101.64,75.55,29
ALT,20,NORMA,12.44,34.67,23.55,48
ALT,25,NORMA,12.49,30.85,21.67,43
ALT,30,NORMA,10.41,30.85,20.63,51
ALT,35,NORMA,11.55,34.29,22.92,60
ALT,40,NORMA,10.24,30.03,20.13,82
ALT,45,NORMA,10.38,31.53,20.96,96
ALT,50,NORMA,10.14,32.91,21.53,163
ALT,55,NORMA,10.74,32.4,21.57,212
ALT,60,NORMA,11.35,32.46,21.91,252
ALT,65,NORMA,11.13,32.26,21.7,289
ALT,70,NORMA,10.68,30.47,20.57,289
ALT,75,NORMA,10.95,30.56,20.75,247
ALT,80,NORMA,10.13,30.25,20.19,130
ALT,85,NORMA,11.68,27.91,19.79,30
ALT,90,NORMA,8.86,26.49,17.68,8
ALT,20,NORMA_334f7e21,12.92,36.16,24.54,48
ALT,25,NORMA_334f7e21,13.55,31.95,22.75,43
ALT,30,NORMA_334f7e21,10.33,31.51,20.92,51
ALT,35,NORMA_334f7e21,12.26,34.67,23.46,60
ALT,40,NORMA_334f7e21,10.45,31.27,20.86,82
ALT,45,NORMA_334f7e21,10.84,33.08,21.96,96
ALT,50,NORMA_334f7e21,10.53,33.48,22.0,163
ALT,55,NORMA_334f7e21,10.97,32.28,21.63,212
ALT,60,NORMA_334f7e21,11.38,32.59,21.99,252
ALT,65,NORMA_334f7e21,11.1,32.49,21.79,289
ALT,70,NORMA_334f7e21,10.78,31.24,21.01,289
ALT,75,NORMA_334f7e21,10.98,31.24,21.11,247
ALT,80,NORMA_334f7e21,10.06,30.91,20.49,130
ALT,85,NORMA_334f7e21,11.64,28.61,20.13,30
ALT,90,NORMA_334f7e21,8.69,27.09,17.89,8
ALT,20,NORMA_q_age,12.97,35.67,24.32,48
ALT,25,NORMA_q_age,13.68,31.32,22.5,43
ALT,30,NORMA_q_age,10.33,31.2,20.76,51
ALT,35,NORMA_q_age,12.42,34.92,23.67,60
ALT,40,NORMA_q_age,10.52,29.51,20.02,82
ALT,45,NORMA_q_age,11.07,32.42,21.74,96
ALT,50,NORMA_q_age,10.79,32.99,21.89,163
ALT,55,NORMA_q_age,11.16,32.01,21.59,212
ALT,60,NORMA_q_age,11.37,32.78,22.07,252
ALT,65,NORMA_q_age,11.23,32.68,21.95,289
ALT,70,NORMA_q_age,11.22,30.77,20.99,289
ALT,75,NORMA_q_age,11.59,30.72,21.15,247
ALT,80,NORMA_q_age,10.37,30.73,20.55,130
ALT,85,NORMA_q_age,12.24,28.86,20.55,30
ALT,90,NORMA_q_age,8.78,29.05,18.92,8
ALT,20,NORMA_q_age_set_co,14.37,34.69,24.53,48
ALT,25,NORMA_q_age_set_co,14.51,31.36,22.93,43
ALT,30,NORMA_q_age_set_co,11.07,32.26,21.67,51
ALT,35,NORMA_q_age_set_co,13.23,36.1,24.66,60
ALT,40,NORMA_q_age_set_co,11.32,30.69,21.01,82
ALT,45,NORMA_q_age_set_co,12.15,33.84,23.0,96
ALT,50,NORMA_q_age_set_co,11.84,33.85,22.85,163
ALT,55,NORMA_q_age_set_co,12.35,32.85,22.6,212
ALT,60,NORMA_q_age_set_co,12.12,33.4,22.76,252
ALT,65,NORMA_q_age_set_co,11.83,33.27,22.55,289
ALT,70,NORMA_q_age_set_co,11.69,31.69,21.69,289
ALT,75,NORMA_q_age_set_co,11.93,31.35,21.64,247
ALT,80,NORMA_q_age_set_co,11.07,31.27,21.17,130
ALT,85,NORMA_q_age_set_co,12.65,29.1,20.87,30
ALT,90,NORMA_q_age_set_co,10.12,29.86,19.99,8
AST,20,NORMA,9.36,31.59,20.47,47
AST,25,NORMA,9.75,32.15,20.95,40
AST,30,NORMA,9.74,33.22,21.48,40
AST,35,NORMA,10.68,31.77,21.23,68
AST,40,NORMA,11.1,33.1,22.1,82
AST,45,NORMA,11.7,33.34,22.52,119
AST,50,NORMA,10.64,34.83,22.73,155
AST,55,NORMA,11.77,36.52,24.15,215
AST,60,NORMA,12.2,36.38,24.29,271
AST,65,NORMA,12.37,36.14,24.25,283
AST,70,NORMA,11.92,34.08,23.0,285
AST,75,NORMA,11.96,34.68,23.32,228
AST,80,NORMA,12.64,36.36,24.5,113
AST,85,NORMA,13.08,36.04,24.56,44
AST,90,NORMA,10.95,33.75,22.35,10
AST,20,NORMA_334f7e21,10.1,32.67,21.39,47
AST,25,NORMA_334f7e21,9.96,33.11,21.53,40
AST,30,NORMA_334f7e21,9.65,33.76,21.71,40
AST,35,NORMA_334f7e21,10.45,32.2,21.33,68
AST,40,NORMA_334f7e21,10.91,34.42,22.66,82
AST,45,NORMA_334f7e21,11.57,34.66,23.11,119
AST,50,NORMA_334f7e21,10.94,35.51,23.22,155
AST,55,NORMA_334f7e21,11.86,37.04,24.45,215
AST,60,NORMA_334f7e21,12.38,36.96,24.67,271
AST,65,NORMA_334f7e21,12.56,36.81,24.69,283
AST,70,NORMA_334f7e21,12.32,34.53,23.43,285
AST,75,NORMA_334f7e21,12.08,35.1,23.59,228
AST,80,NORMA_334f7e21,12.44,36.93,24.68,113
AST,85,NORMA_334f7e21,13.23,36.49,24.86,44
AST,90,NORMA_334f7e21,11.04,34.95,23.0,10
AST,20,NORMA_q_age,10.61,32.25,21.43,47
AST,25,NORMA_q_age,10.61,32.44,21.52,40
AST,30,NORMA_q_age,10.38,32.83,21.61,40
AST,35,NORMA_q_age,11.36,31.25,21.31,68
AST,40,NORMA_q_age,11.58,33.43,22.5,82
AST,45,NORMA_q_age,11.84,33.85,22.85,119
AST,50,NORMA_q_age,11.25,34.69,22.97,155
AST,55,NORMA_q_age,12.33,36.23,24.28,215
AST,60,NORMA_q_age,12.82,36.3,24.56,271
AST,65,NORMA_q_age,13.07,36.07,24.57,283
AST,70,NORMA_q_age,12.96,34.1,23.53,285
AST,75,NORMA_q_age,13.03,34.45,23.74,228
AST,80,NORMA_q_age,13.0,36.47,24.73,113
AST,85,NORMA_q_age,13.55,36.38,24.96,44
AST,90,NORMA_q_age,11.96,34.73,23.34,10
AST,20,NORMA_q_age_set_co,10.11,33.7,21.9,47
AST,25,NORMA_q_age_set_co,10.47,33.88,22.17,40
AST,30,NORMA_q_age_set_co,9.78,35.65,22.72,40
AST,35,NORMA_q_age_set_co,10.62,34.11,22.37,68
AST,40,NORMA_q_age_set_co,11.88,35.0,23.44,82
AST,45,NORMA_q_age_set_co,12.41,35.16,23.78,119
AST,50,NORMA_q_age_set_co,11.86,35.98,23.92,155
AST,55,NORMA_q_age_set_co,12.88,37.51,25.2,215
AST,60,NORMA_q_age_set_co,13.07,37.13,25.1,271
AST,65,NORMA_q_age_set_co,12.87,36.95,24.91,283
AST,70,NORMA_q_age_set_co,12.67,35.04,23.86,285
AST,75,NORMA_q_age_set_co,12.75,35.37,24.06,228
AST,80,NORMA_q_age_set_co,13.3,37.72,25.51,113
AST,85,NORMA_q_age_set_co,13.68,38.04,25.86,44
AST,90,NORMA_q_age_set_co,11.55,37.55,24.55,10
BUN,20,NORMA,7.37,17.9,12.64,46
BUN,25,NORMA,7.4,15.75,11.58,37
BUN,30,NORMA,6.93,18.09,12.51,51
BUN,35,NORMA,7.51,17.25,12.38,66
BUN,40,NORMA,7.8,18.24,13.02,89
BUN,45,NORMA,7.1,17.85,12.47,87
BUN,50,NORMA,7.41,18.56,12.98,161
BUN,55,NORMA,8.09,19.31,13.7,199
BUN,60,NORMA,7.45,19.7,13.58,270
BUN,65,NORMA,7.99,19.76,13.87,284
BUN,70,NORMA,7.78,20.08,13.93,289
BUN,75,NORMA,7.9,20.23,14.06,243
BUN,80,NORMA,8.68,19.92,14.3,135
BUN,85,NORMA,7.62,19.12,13.37,37
BUN,90,NORMA,8.08,17.26,12.67,6
BUN,20,NORMA_334f7e21,7.75,17.64,12.7,46
BUN,25,NORMA_334f7e21,7.75,15.69,11.72,37
BUN,30,NORMA_334f7e21,7.06,17.43,12.25,51
BUN,35,NORMA_334f7e21,7.79,16.7,12.25,66
BUN,40,NORMA_334f7e21,8.04,18.07,13.06,89
BUN,45,NORMA_334f7e21,7.64,17.81,12.72,87
BUN,50,NORMA_334f7e21,7.7,18.26,12.98,161
BUN,55,NORMA_334f7e21,8.49,19.06,13.77,199
BUN,60,NORMA_334f7e21,7.82,19.13,13.48,270
BUN,65,NORMA_334f7e21,8.39,19.36,13.87,284
BUN,70,NORMA_334f7e21,8.2,19.61,13.9,289
BUN,75,NORMA_334f7e21,8.67,19.85,14.26,243
BUN,80,NORMA_334f7e21,9.2,19.7,14.45,135
BUN,85,NORMA_334f7e21,7.7,19.08,13.39,37
BUN,90,NORMA_334f7e21,8.06,17.27,12.66,6
BUN,20,NORMA_q_age,7.95,17.67,12.81,46
BUN,25,NORMA_q_age,8.01,15.76,11.89,37
BUN,30,NORMA_q_age,7.12,17.35,12.24,51
BUN,35,NORMA_q_age,7.79,16.68,12.24,66
BUN,40,NORMA_q_age,8.17,18.03,13.1,89
BUN,45,NORMA_q_age,7.5,17.75,12.62,87
BUN,50,NORMA_q_age,7.6,18.19,12.9,161
BUN,55,NORMA_q_age,8.47,19.03,13.75,199
BUN,60,NORMA_q_age,7.69,19.08,13.38,270
BUN,65,NORMA_q_age,8.27,19.24,13.75,284
BUN,70,NORMA_q_age,8.22,19.54,13.88,289
BUN,75,NORMA_q_age,8.72,19.9,14.31,243
BUN,80,NORMA_q_age,9.15,19.72,14.43,135
BUN,85,NORMA_q_age,7.59,19.07,13.33,37
BUN,90,NORMA_q_age,7.63,17.67,12.65,6
BUN,20,NORMA_q_age_set_co,7.88,17.81,12.84,46
BUN,25,NORMA_q_age_set_co,8.07,15.82,11.95,37
BUN,30,NORMA_q_age_set_co,7.42,18.13,12.77,51
BUN,35,NORMA_q_age_set_co,8.07,17.54,12.8,66
BUN,40,NORMA_q_age_set_co,8.73,18.22,13.47,89
BUN,45,NORMA_q_age_set_co,8.08,17.95,13.01,87
BUN,50,NORMA_q_age_set_co,8.12,18.66,13.39,161
BUN,55,NORMA_q_age_set_co,8.76,19.65,14.21,199
BUN,60,NORMA_q_age_set_co,8.01,19.51,13.76,270
BUN,65,NORMA_q_age_set_co,8.65,19.75,14.2,284
BUN,70,NORMA_q_age_set_co,8.69,20.28,14.48,289
BUN,75,NORMA_q_age_set_co,9.1,20.56,14.83,243
BUN,80,NORMA_q_age_set_co,9.52,20.39,14.95,135
BUN,85,NORMA_q_age_set_co,8.26,19.56,13.91,37
BUN,90,NORMA_q_age_set_co,8.7,18.55,13.63,6
CA,20,NORMA,8.53,9.95,9.24,35
CA,25,NORMA,8.48,9.94,9.21,43
CA,30,NORMA,8.53,10.14,9.33,55
CA,35,NORMA,8.46,10.06,9.26,64
CA,40,NORMA,8.47,9.91,9.19,97
CA,45,NORMA,8.51,9.93,9.22,110
CA,50,NORMA,8.51,9.91,9.21,153
CA,55,NORMA,8.49,9.84,9.16,227
CA,60,NORMA,8.49,9.81,9.15,261
CA,65,NORMA,8.47,9.81,9.14,294
CA,70,NORMA,8.45,9.77,9.11,264
CA,75,NORMA,8.43,9.77,9.1,248
CA,80,NORMA,8.43,9.79,9.11,110
CA,85,NORMA,8.39,9.79,9.09,34
CA,90,NORMA,8.27,10.35,9.31,5
CA,20,NORMA_334f7e21,8.53,10.05,9.29,35
CA,25,NORMA_334f7e21,8.49,10.03,9.26,43
CA,30,NORMA_334f7e21,8.54,10.21,9.37,55
CA,35,NORMA_334f7e21,8.49,10.11,9.3,64
CA,40,NORMA_334f7e21,8.5,10.0,9.25,97
CA,45,NORMA_334f7e21,8.54,10.06,9.3,110
CA,50,NORMA_334f7e21,8.54,9.95,9.25,153
CA,55,NORMA_334f7e21,8.52,9.93,9.22,227
CA,60,NORMA_334f7e21,8.5,9.88,9.19,261
CA,65,NORMA_334f7e21,8.49,9.89,9.19,294
CA,70,NORMA_334f7e21,8.49,9.85,9.17,264
CA,75,NORMA_334f7e21,8.47,9.84,9.16,248
CA,80,NORMA_334f7e21,8.47,9.85,9.16,110
CA,85,NORMA_334f7e21,8.46,9.88,9.17,34
CA,90,NORMA_334f7e21,8.36,10.39,9.38,5
CA,20,NORMA_q_age,8.49,9.92,9.21,35
CA,25,NORMA_q_age,8.45,9.97,9.21,43
CA,30,NORMA_q_age,8.51,10.16,9.33,55
CA,35,NORMA_q_age,8.45,10.08,9.27,64
CA,40,NORMA_q_age,8.46,10.01,9.24,97
CA,45,NORMA_q_age,8.49,10.05,9.27,110
CA,50,NORMA_q_age,8.5,9.98,9.24,153
CA,55,NORMA_q_age,8.48,9.93,9.2,227
CA,60,NORMA_q_age,8.47,9.89,9.18,261
CA,65,NORMA_q_age,8.45,9.89,9.17,294
CA,70,NORMA_q_age,8.45,9.83,9.14,264
CA,75,NORMA_q_age,8.41,9.84,9.13,248
CA,80,NORMA_q_age,8.41,9.9,9.16,110
CA,85,NORMA_q_age,8.41,9.98,9.2,34
CA,90,NORMA_q_age,8.32,10.81,9.56,5
CA,20,NORMA_q_age_set_co,8.65,9.92,9.28,35
CA,25,NORMA_q_age_set_co,8.58,9.87,9.22,43
CA,30,NORMA_q_age_set_co,8.68,10.11,9.39,55
CA,35,NORMA_q_age_set_co,8.61,10.06,9.33,64
CA,40,NORMA_q_age_set_co,8.55,9.81,9.18,97
CA,45,NORMA_q_age_set_co,8.58,9.8,9.19,110
CA,50,NORMA_q_age_set_co,8.6,9.84,9.22,153
CA,55,NORMA_q_age_set_co,8.58,9.76,9.17,227
CA,60,NORMA_q_age_set_co,8.57,9.71,9.14,261
CA,65,NORMA_q_age_set_co,8.56,9.73,9.14,294
CA,70,NORMA_q_age_set_co,8.55,9.73,9.14,264
CA,75,NORMA_q_age_set_co,8.53,9.72,9.13,248
CA,80,NORMA_q_age_set_co,8.53,9.73,9.13,110
CA,85,NORMA_q_age_set_co,8.5,9.69,9.09,34
CA,90,NORMA_q_age_set_co,8.38,10.11,9.24,5
CL,20,NORMA,97.28,105.64,101.46,35
CL,25,NORMA,97.02,105.6,101.31,49
CL,30,NORMA,97.79,105.81,101.8,41
CL,35,NORMA,97.48,105.8,101.64,75
CL,40,NORMA,97.13,105.65,101.39,77
CL,45,NORMA,97.28,105.95,101.61,96
CL,50,NORMA,97.48,106.02,101.75,141
CL,55,NORMA,97.45,105.93,101.69,199
CL,60,NORMA,97.3,105.87,101.59,283
CL,65,NORMA,97.29,105.74,101.51,288
CL,70,NORMA,97.29,105.73,101.51,329
CL,75,NORMA,97.4,105.6,101.5,221
CL,80,NORMA,97.47,105.97,101.72,120
CL,85,NORMA,98.13,105.75,101.94,41
CL,90,NORMA,98.99,106.69,102.84,5
CL,20,NORMA_334f7e21,97.49,105.85,101.67,35
CL,25,NORMA_334f7e21,97.48,105.75,101.62,49
CL,30,NORMA_334f7e21,98.28,105.67,101.97,41
CL,35,NORMA_334f7e21,97.97,105.62,101.8,75
CL,40,NORMA_334f7e21,97.5,105.64,101.57,77
CL,45,NORMA_334f7e21,97.77,105.8,101.78,96
CL,50,NORMA_334f7e21,97.96,105.84,101.9,141
CL,55,NORMA_334f7e21,97.9,105.69,101.79,199
CL,60,NORMA_334f7e21,97.67,105.67,101.67,283
CL,65,NORMA_334f7e21,97.63,105.56,101.6,288
CL,70,NORMA_334f7e21,97.72,105.59,101.65,329
CL,75,NORMA_334f7e21,97.84,105.44,101.64,221
CL,80,NORMA_334f7e21,97.74,105.78,101.76,120
CL,85,NORMA_334f7e21,98.52,105.67,102.1,41
CL,90,NORMA_334f7e21,98.92,106.71,102.81,5
CL,20,NORMA_q_age,97.6,105.78,101.69,35
CL,25,NORMA_q_age,97.57,105.76,101.66,49
CL,30,NORMA_q_age,98.3,105.72,102.01,41
CL,35,NORMA_q_age,98.14,105.66,101.9,75
CL,40,NORMA_q_age,97.57,105.78,101.67,77
CL,45,NORMA_q_age,97.75,105.97,101.86,96
CL,50,NORMA_q_age,97.86,105.94,101.9,141
CL,55,NORMA_q_age,97.88,105.9,101.89,199
CL,60,NORMA_q_age,97.62,105.84,101.73,283
CL,65,NORMA_q_age,97.62,105.73,101.67,288
CL,70,NORMA_q_age,97.89,105.67,101.78,329
CL,75,NORMA_q_age,97.98,105.54,101.76,221
CL,80,NORMA_q_age,97.81,105.92,101.87,120
CL,85,NORMA_q_age,98.53,105.62,102.07,41
CL,90,NORMA_q_age,99.11,106.61,102.86,5
CL,20,NORMA_q_age_set_co,98.07,106.0,102.04,35
CL,25,NORMA_q_age_set_co,97.75,105.86,101.81,49
CL,30,NORMA_q_age_set_co,98.77,105.98,102.37,41
CL,35,NORMA_q_age_set_co,98.34,105.99,102.17,75
CL,40,NORMA_q_age_set_co,98.01,105.84,101.92,77
CL,45,NORMA_q_age_set_co,98.41,106.22,102.31,96
CL,50,NORMA_q_age_set_co,98.33,106.25,102.29,141
CL,55,NORMA_q_age_set_co,98.3,106.2,102.25,199
CL,60,NORMA_q_age_set_co,98.13,105.95,102.04,283
CL,65,NORMA_q_age_set_co,98.05,105.95,102.0,288
CL,70,NORMA_q_age_set_co,98.1,105.95,102.02,329
CL,75,NORMA_q_age_set_co,98.17,105.81,101.99,221
CL,80,NORMA_q_age_set_co,98.08,106.06,102.07,120
CL,85,NORMA_q_age_set_co,98.87,105.79,102.33,41
CL,90,NORMA_q_age_set_co,99.07,106.71,102.89,5
CO2,20,NORMA,22.57,28.15,25.36,51
CO2,25,NORMA,22.9,27.93,25.41,45
CO2,30,NORMA,22.43,28.59,25.51,48
CO2,35,NORMA,22.68,28.03,25.35,49
CO2,40,NORMA,22.67,28.13,25.4,92
CO2,45,NORMA,22.79,28.35,25.57,96
CO2,50,NORMA,22.68,28.23,25.45,116
CO2,55,NORMA,22.55,28.37,25.46,208
CO2,60,NORMA,22.63,28.11,25.37,285
CO2,65,NORMA,22.69,28.22,25.45,318
CO2,70,NORMA,22.7,28.18,25.44,289
CO2,75,NORMA,22.68,28.16,25.42,224
CO2,80,NORMA,22.49,28.15,25.32,123
CO2,85,NORMA,22.69,28.16,25.43,48
CO2,90,NORMA,22.71,28.93,25.82,8
CO2,20,NORMA_334f7e21,22.91,28.06,25.49,51
CO2,25,NORMA_334f7e21,23.17,27.84,25.5,45
CO2,30,NORMA_334f7e21,22.8,28.4,25.6,48
CO2,35,NORMA_334f7e21,23.09,27.73,25.41,49
CO2,40,NORMA_334f7e21,22.88,27.95,25.41,92
CO2,45,NORMA_334f7e21,22.99,28.24,25.61,96
CO2,50,NORMA_334f7e21,22.99,28.01,25.5,116
CO2,55,NORMA_334f7e21,22.82,28.13,25.47,208
CO2,60,NORMA_334f7e21,22.78,27.93,25.35,285
CO2,65,NORMA_334f7e21,22.85,28.0,25.43,318
CO2,70,NORMA_334f7e21,22.91,27.96,25.44,289
CO2,75,NORMA_334f7e21,22.94,27.98,25.46,224
CO2,80,NORMA_334f7e21,22.77,27.89,25.33,123
CO2,85,NORMA_334f7e21,23.11,28.02,25.56,48
CO2,90,NORMA_334f7e21,22.94,28.97,25.95,8
CO2,20,NORMA_q_age,22.82,27.92,25.37,51
CO2,25,NORMA_q_age,23.08,27.67,25.37,45
CO2,30,NORMA_q_age,22.78,28.51,25.64,48
CO2,35,NORMA_q_age,23.03,27.76,25.4,49
CO2,40,NORMA_q_age,22.84,28.17,25.5,92
CO2,45,NORMA_q_age,22.97,28.33,25.65,96
CO2,50,NORMA_q_age,22.94,28.15,25.54,116
CO2,55,NORMA_q_age,22.78,28.29,25.53,208
CO2,60,NORMA_q_age,22.72,28.12,25.42,285
CO2,65,NORMA_q_age,22.82,28.22,25.52,318
CO2,70,NORMA_q_age,22.89,28.13,25.51,289
CO2,75,NORMA_q_age,22.88,28.16,25.52,224
CO2,80,NORMA_q_age,22.6,28.06,25.33,123
CO2,85,NORMA_q_age,22.99,28.12,25.55,48
CO2,90,NORMA_q_age,22.88,29.34,26.11,8
CO2,20,NORMA_q_age_set_co,23.27,27.9,25.59,51
CO2,25,NORMA_q_age_set_co,23.47,27.72,25.59,45
CO2,30,NORMA_q_age_set_co,23.18,28.33,25.75,48
CO2,35,NORMA_q_age_set_co,23.39,27.91,25.65,49
CO2,40,NORMA_q_age_set_co,23.21,27.65,25.43,92
CO2,45,NORMA_q_age_set_co,23.36,27.93,25.65,96
CO2,50,NORMA_q_age_set_co,23.34,28.03,25.68,116
CO2,55,NORMA_q_age_set_co,23.2,28.2,25.7,208
CO2,60,NORMA_q_age_set_co,23.18,27.87,25.52,285
CO2,65,NORMA_q_age_set_co,23.29,27.94,25.61,318
CO2,70,NORMA_q_age_set_co,23.22,27.92,25.57,289
CO2,75,NORMA_q_age_set_co,23.25,28.05,25.65,224
CO2,80,NORMA_q_age_set_co,23.09,27.93,25.51,123
CO2,85,NORMA_q_age_set_co,23.38,28.08,25.73,48
CO2,90,NORMA_q_age_set_co,23.43,28.54,25.99,8
CRE,20,NORMA,0.64,0.98,0.81,35
CRE,25,NORMA,0.62,1.0,0.81,40
CRE,30,NORMA,0.59,0.9,0.75,43
CRE,35,NORMA,0.6,0.96,0.78,61
CRE,40,NORMA,0.62,0.95,0.79,107
CRE,45,NORMA,0.59,0.93,0.76,133
CRE,50,NORMA,0.61,0.96,0.79,190
CRE,55,NORMA,0.63,0.98,0.8,264
CRE,60,NORMA,0.62,0.99,0.81,264
CRE,65,NORMA,0.64,1.01,0.82,286
CRE,70,NORMA,0.65,1.03,0.84,269
CRE,75,NORMA,0.65,1.04,0.84,168
CRE,80,NORMA,0.64,1.02,0.83,110
CRE,85,NORMA,0.66,1.04,0.85,24
CRE,90,NORMA,0.55,0.89,0.72,6
CRE,20,NORMA_334f7e21,0.63,0.99,0.81,35
CRE,25,NORMA_334f7e21,0.62,1.01,0.82,40
CRE,30,NORMA_334f7e21,0.59,0.9,0.75,43
CRE,35,NORMA_334f7e21,0.61,0.96,0.78,61
CRE,40,NORMA_334f7e21,0.63,0.97,0.8,107
CRE,45,NORMA_334f7e21,0.59,0.94,0.77,133
CRE,50,NORMA_334f7e21,0.62,0.97,0.79,190
CRE,55,NORMA_334f7e21,0.64,0.99,0.81,264
CRE,60,NORMA_334f7e21,0.63,1.0,0.82,264
CRE,65,NORMA_334f7e21,0.64,1.01,0.83,286
CRE,70,NORMA_334f7e21,0.66,1.04,0.85,269
CRE,75,NORMA_334f7e21,0.66,1.04,0.85,168
CRE,80,NORMA_334f7e21,0.64,1.04,0.84,110
CRE,85,NORMA_334f7e21,0.67,1.04,0.86,24
CRE,90,NORMA_334f7e21,0.56,0.89,0.72,6
CRE,20,NORMA_q_age,0.64,0.99,0.81,35
CRE,25,NORMA_q_age,0.62,1.01,0.82,40
CRE,30,NORMA_q_age,0.59,0.9,0.75,43
CRE,35,NORMA_q_age,0.61,0.97,0.79,61
CRE,40,NORMA_q_age,0.63,0.96,0.79,107
CRE,45,NORMA_q_age,0.6,0.93,0.76,133
CRE,50,NORMA_q_age,0.62,0.95,0.79,190
CRE,55,NORMA_q_age,0.63,0.97,0.8,264
CRE,60,NORMA_q_age,0.63,0.98,0.81,264
CRE,65,NORMA_q_age,0.64,1.0,0.82,286
CRE,70,NORMA_q_age,0.65,1.03,0.84,269
CRE,75,NORMA_q_age,0.66,1.03,0.84,168
CRE,80,NORMA_q_age,0.63,1.02,0.83,110
CRE,85,NORMA_q_age,0.68,1.03,0.85,24
CRE,90,NORMA_q_age,0.56,0.89,0.72,6
CRE,20,NORMA_q_age_set_co,0.65,0.99,0.82,35
CRE,25,NORMA_q_age_set_co,0.64,0.99,0.81,40
CRE,30,NORMA_q_age_set_co,0.61,0.91,0.76,43
CRE,35,NORMA_q_age_set_co,0.63,0.97,0.8,61
CRE,40,NORMA_q_age_set_co,0.65,0.95,0.8,107
CRE,45,NORMA_q_age_set_co,0.62,0.91,0.77,133
CRE,50,NORMA_q_age_set_co,0.63,0.96,0.8,190
CRE,55,NORMA_q_age_set_co,0.65,0.97,0.81,264
CRE,60,NORMA_q_age_set_co,0.65,0.98,0.82,264
CRE,65,NORMA_q_age_set_co,0.66,1.0,0.83,286
CRE,70,NORMA_q_age_set_co,0.68,1.03,0.85,269
CRE,75,NORMA_q_age_set_co,0.68,1.04,0.86,168
CRE,80,NORMA_q_age_set_co,0.66,1.02,0.84,110
CRE,85,NORMA_q_age_set_co,0.69,1.03,0.86,24
CRE,90,NORMA_q_age_set_co,0.58,0.88,0.73,6
GLU,20,NORMA,70.04,99.36,84.7,32
GLU,25,NORMA,67.62,102.09,84.85,31
GLU,30,NORMA,66.12,98.89,82.5,49
GLU,35,NORMA,65.43,101.15,83.29,81
GLU,40,NORMA,65.43,99.99,82.71,69
GLU,45,NORMA,65.39,104.26,84.83,117
GLU,50,NORMA,63.77,103.73,83.75,162
GLU,55,NORMA,63.47,104.13,83.8,211
GLU,60,NORMA,58.12,102.94,80.53,292
GLU,65,NORMA,59.56,103.84,81.7,287
GLU,70,NORMA,56.7,102.58,79.64,285
GLU,75,NORMA,57.86,101.0,79.43,226
GLU,80,NORMA,59.36,102.46,80.91,121
GLU,85,NORMA,59.64,99.82,79.73,31
GLU,90,NORMA,47.59,110.94,79.26,6
GLU,20,NORMA_334f7e21,72.24,100.17,86.21,32
GLU,25,NORMA_334f7e21,67.64,103.82,85.73,31
GLU,30,NORMA_334f7e21,68.86,100.0,84.43,49
GLU,35,NORMA_334f7e21,68.81,101.82,85.32,81
GLU,40,NORMA_334f7e21,64.95,101.05,83.0,69
GLU,45,NORMA_334f7e21,66.72,104.95,85.84,117
GLU,50,NORMA_334f7e21,63.13,104.43,83.78,162
GLU,55,NORMA_334f7e21,61.18,105.34,83.26,211
GLU,60,NORMA_334f7e21,56.63,105.02,80.83,292
GLU,65,NORMA_334f7e21,57.86,105.56,81.71,287
GLU,70,NORMA_334f7e21,53.69,105.03,79.36,285
GLU,75,NORMA_334f7e21,54.24,103.94,79.09,226
GLU,80,NORMA_334f7e21,57.96,105.37,81.66,121
GLU,85,NORMA_334f7e21,56.71,103.54,80.13,31
GLU,90,NORMA_334f7e21,36.67,115.19,75.93,6
GLU,20,NORMA_q_age,71.45,98.33,84.89,32
GLU,25,NORMA_q_age,67.42,102.41,84.92,31
GLU,30,NORMA_q_age,68.59,97.48,83.03,49
GLU,35,NORMA_q_age,68.87,99.5,84.19,81
GLU,40,NORMA_q_age,64.15,99.54,81.85,69
GLU,45,NORMA_q_age,66.07,103.42,84.75,117
GLU,50,NORMA_q_age,62.95,102.33,82.64,162
GLU,55,NORMA_q_age,60.85,102.79,81.82,211
GLU,60,NORMA_q_age,56.86,102.24,79.55,292
GLU,65,NORMA_q_age,58.7,103.17,80.94,287
GLU,70,NORMA_q_age,58.6,102.7,80.65,285
GLU,75,NORMA_q_age,57.87,101.35,79.61,226
GLU,80,NORMA_q_age,56.13,102.75,79.44,121
GLU,85,NORMA_q_age,55.3,99.69,77.5,31
GLU,90,NORMA_q_age,42.58,111.93,77.25,6
GLU,20,NORMA_q_age_set_co,75.41,101.84,88.63,32
GLU,25,NORMA_q_age_set_co,73.8,105.88,89.84,31
GLU,30,NORMA_q_age_set_co,72.04,101.16,86.6,49
GLU,35,NORMA_q_age_set_co,71.59,103.68,87.63,81
GLU,40,NORMA_q_age_set_co,73.53,103.13,88.33,69
GLU,45,NORMA_q_age_set_co,75.01,107.16,91.08,117
GLU,50,NORMA_q_age_set_co,71.41,107.03,89.22,162
GLU,55,NORMA_q_age_set_co,70.49,108.55,89.52,211
GLU,60,NORMA_q_age_set_co,67.0,108.29,87.64,292
GLU,65,NORMA_q_age_set_co,68.01,108.91,88.46,287
GLU,70,NORMA_q_age_set_co,66.01,108.2,87.11,285
GLU,75,NORMA_q_age_set_co,66.25,107.31,86.78,226
GLU,80,NORMA_q_age_set_co,68.1,108.84,88.47,121
GLU,85,NORMA_q_age_set_co,68.95,107.36,88.15,31
GLU,90,NORMA_q_age_set_co,64.84,119.72,92.28,6
HCT,20,NORMA,36.47,47.32,41.89,42
HCT,25,NORMA,36.78,48.24,42.51,34
HCT,30,NORMA,36.34,47.59,41.96,64
HCT,35,NORMA,35.94,47.77,41.85,87
HCT,40,NORMA,36.38,47.46,41.92,109
HCT,45,NORMA,36.14,46.55,41.35,123
HCT,50,NORMA,36.29,47.1,41.7,157
HCT,55,NORMA,36.91,47.53,42.22,206
HCT,60,NORMA,36.93,48.17,42.55,264
HCT,65,NORMA,36.71,48.01,42.36,285
HCT,70,NORMA,36.84,48.5,42.67,274
HCT,75,NORMA,36.23,48.94,42.58,215
HCT,80,NORMA,35.64,48.14,41.89,103
HCT,85,NORMA,35.6,48.73,42.17,31
HCT,90,NORMA,35.46,47.12,41.29,6
HCT,20,NORMA_334f7e21,36.71,48.03,42.37,42
HCT,25,NORMA_334f7e21,37.07,48.81,42.94,34
HCT,30,NORMA_334f7e21,36.73,47.41,42.07,64
HCT,35,NORMA_334f7e21,36.29,47.76,42.03,87
HCT,40,NORMA_334f7e21,36.71,47.96,42.33,109
HCT,45,NORMA_334f7e21,36.41,47.12,41.77,123
HCT,50,NORMA_334f7e21,36.54,47.26,41.9,157
HCT,55,NORMA_334f7e21,37.27,47.78,42.53,206
HCT,60,NORMA_334f7e21,37.14,48.38,42.76,264
HCT,65,NORMA_334f7e21,36.89,48.2,42.55,285
HCT,70,NORMA_334f7e21,37.25,48.77,43.01,274
HCT,75,NORMA_334f7e21,36.75,49.54,43.14,215
HCT,80,NORMA_334f7e21,36.37,49.74,43.06,103
HCT,85,NORMA_334f7e21,36.18,49.21,42.69,31
HCT,90,NORMA_334f7e21,36.07,48.97,42.52,6
HCT,20,NORMA_q_age,36.22,46.96,41.59,42
HCT,25,NORMA_q_age,36.64,48.12,42.38,34
HCT,30,NORMA_q_age,36.49,47.1,41.8,64
HCT,35,NORMA_q_age,35.98,47.3,41.64,87
HCT,40,NORMA_q_age,36.26,48.47,42.36,109
HCT,45,NORMA_q_age,36.07,47.4,41.74,123
HCT,50,NORMA_q_age,36.33,47.12,41.73,157
HCT,55,NORMA_q_age,36.99,47.71,42.35,206
HCT,60,NORMA_q_age,36.94,48.31,42.63,264
HCT,65,NORMA_q_age,36.67,48.03,42.35,285
HCT,70,NORMA_q_age,36.92,48.14,42.53,274
HCT,75,NORMA_q_age,36.27,48.5,42.39,215
HCT,80,NORMA_q_age,35.84,48.71,42.28,103
HCT,85,NORMA_q_age,35.87,49.19,42.53,31
HCT,90,NORMA_q_age,35.82,48.18,42.0,6
HCT,20,NORMA_q_age_set_co,37.88,47.77,42.83,42
HCT,25,NORMA_q_age_set_co,38.45,48.78,43.62,34
HCT,30,NORMA_q_age_set_co,37.88,48.22,43.05,64
HCT,35,NORMA_q_age_set_co,37.74,48.95,43.35,87
HCT,40,NORMA_q_age_set_co,37.54,47.41,42.47,109
HCT,45,NORMA_q_age_set_co,37.25,46.71,41.98,123
HCT,50,NORMA_q_age_set_co,37.39,47.57,42.48,157
HCT,55,NORMA_q_age_set_co,38.1,48.15,43.12,206
HCT,60,NORMA_q_age_set_co,38.05,48.55,43.3,264
HCT,65,NORMA_q_age_set_co,37.84,48.29,43.06,285
HCT,70,NORMA_q_age_set_co,38.16,48.53,43.35,274
HCT,75,NORMA_q_age_set_co,37.61,49.23,43.42,215
HCT,80,NORMA_q_age_set_co,37.02,47.63,42.32,103
HCT,85,NORMA_q_age_set_co,36.88,47.73,42.31,31
HCT,90,NORMA_q_age_set_co,36.73,46.84,41.79,6
HGB,20,NORMA,12.8,16.11,14.46,45
HGB,25,NORMA,12.48,16.31,14.39,45
HGB,30,NORMA,12.28,15.71,13.99,68
HGB,35,NORMA,11.97,15.61,13.79,81
HGB,40,NORMA,11.92,15.45,13.68,101
HGB,45,NORMA,12.05,15.04,13.54,120
HGB,50,NORMA,12.11,15.63,13.87,163
HGB,55,NORMA,12.31,15.57,13.94,224
HGB,60,NORMA,12.37,15.76,14.07,241
HGB,65,NORMA,12.22,15.75,13.99,271
HGB,70,NORMA,12.18,16.11,14.14,264
HGB,75,NORMA,12.0,16.02,14.01,226
HGB,80,NORMA,11.95,16.03,13.99,109
HGB,85,NORMA,11.55,15.96,13.75,38
HGB,20,NORMA_334f7e21,12.89,16.29,14.59,45
HGB,25,NORMA_334f7e21,12.6,16.4,14.5,45
HGB,30,NORMA_334f7e21,12.38,15.65,14.01,68
HGB,35,NORMA_334f7e21,12.1,15.64,13.87,81
HGB,40,NORMA_334f7e21,12.06,15.87,13.97,101
HGB,45,NORMA_334f7e21,12.16,15.25,13.7,120
HGB,50,NORMA_334f7e21,12.18,15.75,13.96,163
HGB,55,NORMA_334f7e21,12.4,15.6,14.0,224
HGB,60,NORMA_334f7e21,12.42,15.91,14.17,241
HGB,65,NORMA_334f7e21,12.25,15.88,14.07,271
HGB,70,NORMA_334f7e21,12.32,16.23,14.27,264
HGB,75,NORMA_334f7e21,12.12,16.12,14.12,226
HGB,80,NORMA_334f7e21,12.13,16.59,14.36,109
HGB,85,NORMA_334f7e21,11.77,16.48,14.13,38
HGB,20,NORMA_q_age,12.8,16.07,14.43,45
HGB,25,NORMA_q_age,12.43,16.25,14.34,45
HGB,30,NORMA_q_age,12.27,15.57,13.92,68
HGB,35,NORMA_q_age,11.96,15.62,13.79,81
HGB,40,NORMA_q_age,11.94,16.12,14.03,101
HGB,45,NORMA_q_age,12.05,15.45,13.75,120
HGB,50,NORMA_q_age,12.13,15.89,14.01,163
HGB,55,NORMA_q_age,12.3,15.71,14.01,224
HGB,60,NORMA_q_age,12.35,15.99,14.17,241
HGB,65,NORMA_q_age,12.18,15.95,14.07,271
HGB,70,NORMA_q_age,12.19,16.04,14.12,264
HGB,75,NORMA_q_age,12.01,16.01,14.01,226
HGB,80,NORMA_q_age,11.99,16.38,14.18,109
HGB,85,NORMA_q_age,11.64,16.62,14.13,38
HGB,20,NORMA_q_age_set_co,13.3,16.93,15.12,45
HGB,25,NORMA_q_age_set_co,12.96,16.71,14.83,45
HGB,30,NORMA_q_age_set_co,12.7,16.18,14.44,68
HGB,35,NORMA_q_age_set_co,12.54,16.17,14.36,81
HGB,40,NORMA_q_age_set_co,12.26,15.63,13.95,101
HGB,45,NORMA_q_age_set_co,12.37,15.33,13.85,120
HGB,50,NORMA_q_age_set_co,12.48,16.12,14.3,163
HGB,55,NORMA_q_age_set_co,12.66,15.98,14.32,224
HGB,60,NORMA_q_age_set_co,12.7,16.13,14.41,241
HGB,65,NORMA_q_age_set_co,12.57,16.18,14.38,271
HGB,70,NORMA_q_age_set_co,12.59,16.3,14.45,264
HGB,75,NORMA_q_age_set_co,12.42,16.23,14.33,226
HGB,80,NORMA_q_age_set_co,12.35,16.08,14.21,109
HGB,85,NORMA_q_age_set_co,11.94,15.88,13.91,38
K,20,NORMA,3.49,5.0,4.25,36
K,25,NORMA,3.43,4.77,4.1,51
K,30,NORMA,3.51,4.83,4.17,44
K,35,NORMA,3.46,4.84,4.15,65
K,40,NORMA,3.46,4.79,4.13,75
K,45,NORMA,3.49,4.77,4.13,120
K,50,NORMA,3.48,4.85,4.17,146
K,55,NORMA,3.46,4.82,4.14,195
K,60,NORMA,3.46,4.85,4.16,314
K,65,NORMA,3.5,4.9,4.2,272
K,70,NORMA,3.45,4.87,4.16,266
K,75,NORMA,3.5,4.96,4.23,247
K,80,NORMA,3.51,4.96,4.23,130
K,85,NORMA,3.5,5.01,4.25,34
K,90,NORMA,3.53,5.01,4.27,5
K,20,NORMA_334f7e21,3.5,5.06,4.28,36
K,25,NORMA_334f7e21,3.45,4.84,4.14,51
K,30,NORMA_334f7e21,3.54,4.84,4.19,44
K,35,NORMA_334f7e21,3.49,4.85,4.17,65
K,40,NORMA_334f7e21,3.47,4.81,4.14,75
K,45,NORMA_334f7e21,3.51,4.78,4.15,120
K,50,NORMA_334f7e21,3.52,4.86,4.19,146
K,55,NORMA_334f7e21,3.49,4.83,4.16,195
K,60,NORMA_334f7e21,3.49,4.86,4.17,314
K,65,NORMA_334f7e21,3.53,4.9,4.21,272
K,70,NORMA_334f7e21,3.47,4.88,4.17,266
K,75,NORMA_334f7e21,3.54,4.97,4.25,247
K,80,NORMA_334f7e21,3.54,4.97,4.25,130
K,85,NORMA_334f7e21,3.52,5.04,4.28,34
K,90,NORMA_334f7e21,3.6,5.03,4.31,5
K,20,NORMA_q_age,3.55,5.0,4.27,36
K,25,NORMA_q_age,3.48,4.77,4.13,51
K,30,NORMA_q_age,3.58,4.82,4.2,44
K,35,NORMA_q_age,3.51,4.84,4.18,65
K,40,NORMA_q_age,3.5,4.83,4.17,75
K,45,NORMA_q_age,3.52,4.78,4.15,120
K,50,NORMA_q_age,3.53,4.91,4.22,146
K,55,NORMA_q_age,3.51,4.85,4.18,195
K,60,NORMA_q_age,3.5,4.88,4.19,314
K,65,NORMA_q_age,3.55,4.93,4.24,272
K,70,NORMA_q_age,3.51,4.9,4.2,266
K,75,NORMA_q_age,3.57,4.98,4.27,247
K,80,NORMA_q_age,3.56,5.0,4.28,130
K,85,NORMA_q_age,3.53,5.08,4.31,34
K,90,NORMA_q_age,3.61,5.03,4.32,5
K,20,NORMA_q_age_set_co,3.55,5.0,4.27,36
K,25,NORMA_q_age_set_co,3.5,4.8,4.15,51
K,30,NORMA_q_age_set_co,3.56,4.88,4.22,44
K,35,NORMA_q_age_set_co,3.53,4.88,4.2,65
K,40,NORMA_q_age_set_co,3.53,4.79,4.16,75
K,45,NORMA_q_age_set_co,3.55,4.74,4.14,120
K,50,NORMA_q_age_set_co,3.54,4.85,4.19,146
K,55,NORMA_q_age_set_co,3.52,4.82,4.17,195
K,60,NORMA_q_age_set_co,3.52,4.82,4.17,314
K,65,NORMA_q_age_set_co,3.56,4.89,4.22,272
K,70,NORMA_q_age_set_co,3.51,4.91,4.21,266
K,75,NORMA_q_age_set_co,3.57,4.99,4.28,247
K,80,NORMA_q_age_set_co,3.57,4.99,4.28,130
K,85,NORMA_q_age_set_co,3.55,5.05,4.3,34
K,90,NORMA_q_age_set_co,3.67,5.07,4.37,5
NA,20,NORMA,134.82,142.71,138.76,37
NA,25,NORMA,135.22,143.32,139.27,38
NA,30,NORMA,134.76,144.23,139.49,47
NA,35,NORMA,134.77,142.76,138.76,56
NA,40,NORMA,134.79,143.47,139.13,82
NA,45,NORMA,134.92,143.6,139.26,118
NA,50,NORMA,134.9,143.97,139.43,167
NA,55,NORMA,134.99,143.84,139.41,221
NA,60,NORMA,134.98,144.27,139.62,285
NA,65,NORMA,135.0,143.84,139.42,280
NA,70,NORMA,134.86,143.26,139.06,277
NA,75,NORMA,134.65,143.61,139.13,223
NA,80,NORMA,134.77,143.13,138.95,125
NA,85,NORMA,134.95,143.79,139.37,41
NA,20,NORMA_334f7e21,134.94,143.13,139.04,37
NA,25,NORMA_334f7e21,135.48,143.83,139.66,38
NA,30,NORMA_334f7e21,135.13,144.3,139.71,47
NA,35,NORMA_334f7e21,135.03,142.88,138.96,56
NA,40,NORMA_334f7e21,135.0,143.61,139.3,82
NA,45,NORMA_334f7e21,135.12,143.76,139.44,118
NA,50,NORMA_334f7e21,135.2,143.96,139.58,167
NA,55,NORMA_334f7e21,135.22,143.78,139.5,221
NA,60,NORMA_334f7e21,135.06,144.16,139.61,285
NA,65,NORMA_334f7e21,135.12,143.77,139.45,280
NA,70,NORMA_334f7e21,135.05,143.19,139.12,277
NA,75,NORMA_334f7e21,134.84,143.64,139.24,223
NA,80,NORMA_334f7e21,134.99,143.13,139.06,125
NA,85,NORMA_334f7e21,135.11,143.72,139.41,41
NA,20,NORMA_q_age,135.08,142.78,138.93,37
NA,25,NORMA_q_age,135.66,143.51,139.58,38
NA,30,NORMA_q_age,135.25,144.32,139.79,47
NA,35,NORMA_q_age,135.2,142.75,138.97,56
NA,40,NORMA_q_age,135.13,143.7,139.42,82
NA,45,NORMA_q_age,135.25,143.85,139.55,118
NA,50,NORMA_q_age,135.29,144.14,139.72,167
NA,55,NORMA_q_age,135.3,143.93,139.61,221
NA,60,NORMA_q_age,135.23,144.33,139.78,285
NA,65,NORMA_q_age,135.24,143.95,139.59,280
NA,70,NORMA_q_age,135.18,143.19,139.18,277
NA,75,NORMA_q_age,134.97,143.56,139.26,223
NA,80,NORMA_q_age,135.07,143.39,139.23,125
NA,85,NORMA_q_age,135.22,143.9,139.56,41
NA,20,NORMA_q_age_set_co,135.35,142.69,139.02,37
NA,25,NORMA_q_age_set_co,135.8,143.38,139.59,38
NA,30,NORMA_q_age_set_co,135.52,144.27,139.9,47
NA,35,NORMA_q_age_set_co,135.43,142.85,139.14,56
NA,40,NORMA_q_age_set_co,135.48,143.15,139.32,82
NA,45,NORMA_q_age_set_co,135.62,143.12,139.37,118
NA,50,NORMA_q_age_set_co,135.59,143.74,139.67,167
NA,55,NORMA_q_age_set_co,135.66,143.59,139.62,221
NA,60,NORMA_q_age_set_co,135.51,143.72,139.61,285
NA,65,NORMA_q_age_set_co,135.56,143.33,139.45,280
NA,70,NORMA_q_age_set_co,135.36,142.97,139.16,277
NA,75,NORMA_q_age_set_co,135.2,143.35,139.28,223
NA,80,NORMA_q_age_set_co,135.3,142.8,139.05,125
NA,85,NORMA_q_age_set_co,135.51,143.4,139.46,41
PLT,20,NORMA,179.78,316.59,248.18,33
PLT,25,NORMA,187.88,330.54,259.21,49
PLT,30,NORMA,188.88,348.6,268.74,65
PLT,35,NORMA,171.96,307.2,239.58,89
PLT,40,NORMA,175.81,331.53,253.67,90
PLT,45,NORMA,187.31,332.22,259.76,124
PLT,50,NORMA,180.52,343.98,262.25,140
PLT,55,NORMA,180.08,328.05,254.06,221
PLT,60,NORMA,176.46,312.6,244.53,267
PLT,65,NORMA,173.11,306.63,239.87,264
PLT,70,NORMA,179.9,320.22,250.06,265
PLT,75,NORMA,177.94,306.65,242.29,219
PLT,80,NORMA,179.63,315.07,247.35,136
PLT,85,NORMA,199.95,348.96,274.46,35
PLT,20,NORMA_334f7e21,179.0,317.38,248.19,33
PLT,25,NORMA_334f7e21,183.25,330.35,256.8,49
PLT,30,NORMA_334f7e21,182.85,353.44,268.14,65
PLT,35,NORMA_334f7e21,168.36,312.74,240.55,89
PLT,40,NORMA_334f7e21,171.17,333.65,252.41,90
PLT,45,NORMA_334f7e21,183.36,338.96,261.16,124
PLT,50,NORMA_334f7e21,177.41,342.53,259.97,140
PLT,55,NORMA_334f7e21,175.92,322.54,249.23,221
PLT,60,NORMA_334f7e21,173.47,314.83,244.15,267
PLT,65,NORMA_334f7e21,168.97,313.48,241.22,264
PLT,70,NORMA_334f7e21,177.44,319.71,248.58,265
PLT,75,NORMA_334f7e21,174.74,310.16,242.45,219
PLT,80,NORMA_334f7e21,175.5,320.41,247.95,136
PLT,85,NORMA_334f7e21,192.04,344.88,268.46,35
PLT,20,NORMA_q_age,181.23,315.02,248.13,33
PLT,25,NORMA_q_age,189.5,328.69,259.1,49
PLT,30,NORMA_q_age,186.88,351.99,269.44,65
PLT,35,NORMA_q_age,170.77,308.62,239.69,89
PLT,40,NORMA_q_age,176.48,331.78,254.13,90
PLT,45,NORMA_q_age,186.63,338.71,262.67,124
PLT,50,NORMA_q_age,180.14,344.55,262.35,140
PLT,55,NORMA_q_age,179.57,326.89,253.23,221
PLT,60,NORMA_q_age,175.14,318.45,246.8,267
PLT,65,NORMA_q_age,171.01,313.8,242.41,264
PLT,70,NORMA_q_age,178.77,317.28,248.03,265
PLT,75,NORMA_q_age,176.06,310.48,243.27,219
PLT,80,NORMA_q_age,177.12,317.96,247.54,136
PLT,85,NORMA_q_age,193.87,345.44,269.66,35
PLT,20,NORMA_q_age_set_co,190.97,319.96,255.46,33
PLT,25,NORMA_q_age_set_co,193.9,333.47,263.68,49
PLT,30,NORMA_q_age_set_co,199.74,358.19,278.97,65
PLT,35,NORMA_q_age_set_co,181.57,309.24,245.41,89
PLT,40,NORMA_q_age_set_co,187.53,319.82,253.67,90
PLT,45,NORMA_q_age_set_co,193.04,331.32,262.18,124
PLT,50,NORMA_q_age_set_co,192.8,336.01,264.41,140
PLT,55,NORMA_q_age_set_co,190.38,321.3,255.84,221
PLT,60,NORMA_q_age_set_co,183.5,309.67,246.59,267
PLT,65,NORMA_q_age_set_co,179.42,307.62,243.52,264
PLT,70,NORMA_q_age_set_co,187.38,318.32,252.85,265
PLT,75,NORMA_q_age_set_co,185.29,310.97,248.13,219
PLT,80,NORMA_q_age_set_co,187.56,315.16,251.36,136
PLT,85,NORMA_q_age_set_co,203.78,354.56,279.17,35
TBIL,20,NORMA,0.26,0.94,0.6,36
TBIL,25,NORMA,0.27,0.99,0.63,36
TBIL,30,NORMA,0.25,1.03,0.64,53
TBIL,35,NORMA,0.26,0.97,0.62,54
TBIL,40,NORMA,0.24,0.97,0.61,108
TBIL,45,NORMA,0.23,0.97,0.6,118
TBIL,50,NORMA,0.25,0.98,0.62,180
TBIL,55,NORMA,0.28,1.01,0.64,225
TBIL,60,NORMA,0.28,1.02,0.65,256
TBIL,65,NORMA,0.26,1.02,0.64,313
TBIL,70,NORMA,0.28,0.99,0.63,248
TBIL,75,NORMA,0.3,1.01,0.66,214
TBIL,80,NORMA,0.31,1.03,0.67,110
TBIL,85,NORMA,0.35,1.05,0.7,38
TBIL,90,NORMA,0.27,0.96,0.61,11
TBIL,20,NORMA_334f7e21,0.28,0.92,0.6,36
TBIL,25,NORMA_334f7e21,0.29,1.01,0.65,36
TBIL,30,NORMA_334f7e21,0.29,1.03,0.66,53
TBIL,35,NORMA_334f7e21,0.3,0.98,0.64,54
TBIL,40,NORMA_334f7e21,0.28,0.99,0.64,108
TBIL,45,NORMA_334f7e21,0.27,0.99,0.63,118
TBIL,50,NORMA_334f7e21,0.29,0.99,0.64,180
TBIL,55,NORMA_334f7e21,0.3,1.02,0.66,225
TBIL,60,NORMA_334f7e21,0.31,1.03,0.67,256
TBIL,65,NORMA_334f7e21,0.3,1.02,0.66,313
TBIL,70,NORMA_334f7e21,0.31,1.01,0.66,248
TBIL,75,NORMA_334f7e21,0.32,1.02,0.67,214
TBIL,80,NORMA_334f7e21,0.33,1.05,0.69,110
TBIL,85,NORMA_334f7e21,0.38,1.07,0.73,38
TBIL,90,NORMA_334f7e21,0.28,0.98,0.63,11
TBIL,20,NORMA_q_age,0.29,0.92,0.6,36
TBIL,25,NORMA_q_age,0.32,1.0,0.66,36
TBIL,30,NORMA_q_age,0.3,1.02,0.66,53
TBIL,35,NORMA_q_age,0.31,0.97,0.64,54
TBIL,40,NORMA_q_age,0.29,0.97,0.63,108
TBIL,45,NORMA_q_age,0.27,0.97,0.62,118
TBIL,50,NORMA_q_age,0.29,0.97,0.63,180
TBIL,55,NORMA_q_age,0.31,1.0,0.65,225
TBIL,60,NORMA_q_age,0.32,1.01,0.66,256
TBIL,65,NORMA_q_age,0.31,1.01,0.66,313
TBIL,70,NORMA_q_age,0.33,0.99,0.66,248
TBIL,75,NORMA_q_age,0.35,1.0,0.68,214
TBIL,80,NORMA_q_age,0.34,1.03,0.69,110
TBIL,85,NORMA_q_age,0.4,1.05,0.73,38
TBIL,90,NORMA_q_age,0.3,0.96,0.63,11
TBIL,20,NORMA_q_age_set_co,0.28,0.96,0.62,36
TBIL,25,NORMA_q_age_set_co,0.28,1.04,0.66,36
TBIL,30,NORMA_q_age_set_co,0.28,1.06,0.67,53
TBIL,35,NORMA_q_age_set_co,0.28,1.02,0.65,54
TBIL,40,NORMA_q_age_set_co,0.31,0.99,0.65,108
TBIL,45,NORMA_q_age_set_co,0.29,0.99,0.64,118
TBIL,50,NORMA_q_age_set_co,0.3,1.01,0.65,180
TBIL,55,NORMA_q_age_set_co,0.32,1.03,0.67,225
TBIL,60,NORMA_q_age_set_co,0.31,1.04,0.68,256
TBIL,65,NORMA_q_age_set_co,0.3,1.03,0.66,313
TBIL,70,NORMA_q_age_set_co,0.32,1.02,0.67,248
TBIL,75,NORMA_q_age_set_co,0.33,1.03,0.68,214
TBIL,80,NORMA_q_age_set_co,0.34,1.06,0.7,110
TBIL,85,NORMA_q_age_set_co,0.38,1.09,0.74,38
TBIL,90,NORMA_q_age_set_co,0.31,0.99,0.65,11
TP,20,NORMA,5.84,7.74,6.79,36
TP,25,NORMA,5.9,7.79,6.85,55
TP,30,NORMA,5.95,8.02,6.99,54
TP,35,NORMA,5.8,7.82,6.81,63
TP,40,NORMA,5.75,7.51,6.63,86
TP,45,NORMA,5.82,7.7,6.76,93
TP,50,NORMA,5.85,7.75,6.8,149
TP,55,NORMA,5.81,7.69,6.75,228
TP,60,NORMA,5.78,7.64,6.71,256
TP,65,NORMA,5.82,7.58,6.7,265
TP,70,NORMA,5.8,7.56,6.68,293
TP,75,NORMA,5.79,7.49,6.64,255
TP,80,NORMA,5.81,7.51,6.66,119
TP,85,NORMA,5.8,7.29,6.55,44
TP,20,NORMA_334f7e21,5.88,7.84,6.86,36
TP,25,NORMA_334f7e21,5.9,7.88,6.89,55
TP,30,NORMA_334f7e21,5.96,8.07,7.01,54
TP,35,NORMA_334f7e21,5.86,7.83,6.84,63
TP,40,NORMA_334f7e21,5.76,7.63,6.7,86
TP,45,NORMA_334f7e21,5.84,7.85,6.85,93
TP,50,NORMA_334f7e21,5.86,7.8,6.83,149
TP,55,NORMA_334f7e21,5.82,7.73,6.78,228
TP,60,NORMA_334f7e21,5.8,7.7,6.75,256
TP,65,NORMA_334f7e21,5.85,7.67,6.76,265
TP,70,NORMA_334f7e21,5.83,7.62,6.72,293
TP,75,NORMA_334f7e21,5.82,7.55,6.68,255
TP,80,NORMA_334f7e21,5.85,7.57,6.71,119
TP,85,NORMA_334f7e21,5.85,7.4,6.63,44
TP,20,NORMA_q_age,5.83,7.77,6.8,36
TP,25,NORMA_q_age,5.85,7.78,6.82,55
TP,30,NORMA_q_age,5.89,7.99,6.94,54
TP,35,NORMA_q_age,5.8,7.78,6.79,63
TP,40,NORMA_q_age,5.7,7.61,6.66,86
TP,45,NORMA_q_age,5.79,7.82,6.8,93
TP,50,NORMA_q_age,5.8,7.83,6.81,149
TP,55,NORMA_q_age,5.77,7.73,6.75,228
TP,60,NORMA_q_age,5.72,7.71,6.72,256
TP,65,NORMA_q_age,5.78,7.69,6.73,265
TP,70,NORMA_q_age,5.75,7.6,6.68,293
TP,75,NORMA_q_age,5.74,7.52,6.63,255
TP,80,NORMA_q_age,5.75,7.6,6.67,119
TP,85,NORMA_q_age,5.76,7.38,6.57,44
TP,20,NORMA_q_age_set_co,5.92,7.84,6.88,36
TP,25,NORMA_q_age_set_co,5.99,7.85,6.92,55
TP,30,NORMA_q_age_set_co,6.1,8.08,7.09,54
TP,35,NORMA_q_age_set_co,5.93,7.89,6.91,63
TP,40,NORMA_q_age_set_co,5.84,7.54,6.69,86
TP,45,NORMA_q_age_set_co,5.93,7.79,6.86,93
TP,50,NORMA_q_age_set_co,5.94,7.89,6.92,149
TP,55,NORMA_q_age_set_co,5.9,7.81,6.86,228
TP,60,NORMA_q_age_set_co,5.89,7.73,6.81,256
TP,65,NORMA_q_age_set_co,5.9,7.67,6.78,265
TP,70,NORMA_q_age_set_co,5.88,7.69,6.78,293
TP,75,NORMA_q_age_set_co,5.85,7.63,6.74,255
TP,80,NORMA_q_age_set_co,5.91,7.66,6.78,119
TP,85,NORMA_q_age_set_co,5.89,7.47,6.68,44
WBC,20,NORMA,4.32,10.0,7.16,39
WBC,25,NORMA,3.88,9.81,6.84,41
WBC,30,NORMA,4.18,10.27,7.22,57
WBC,35,NORMA,4.55,10.35,7.45,72
WBC,40,NORMA,4.22,9.89,7.05,101
WBC,45,NORMA,4.36,10.48,7.42,99
WBC,50,NORMA,4.23,9.96,7.09,169
WBC,55,NORMA,4.13,10.09,7.11,229
WBC,60,NORMA,4.19,10.29,7.24,260
WBC,65,NORMA,4.33,10.22,7.27,262
WBC,70,NORMA,4.29,10.11,7.2,277
WBC,75,NORMA,4.31,10.21,7.26,225
WBC,80,NORMA,4.15,10.43,7.29,128
WBC,85,NORMA,4.57,10.55,7.56,38
WBC,20,NORMA_334f7e21,4.56,9.85,7.2,39
WBC,25,NORMA_334f7e21,4.22,9.73,6.97,41
WBC,30,NORMA_334f7e21,4.51,10.04,7.28,57
WBC,35,NORMA_334f7e21,4.99,10.2,7.6,72
WBC,40,NORMA_334f7e21,4.65,9.94,7.3,101
WBC,45,NORMA_334f7e21,4.75,10.43,7.59,99
WBC,50,NORMA_334f7e21,4.71,9.82,7.27,169
WBC,55,NORMA_334f7e21,4.52,9.98,7.25,229
WBC,60,NORMA_334f7e21,4.6,10.11,7.35,260
WBC,65,NORMA_334f7e21,4.73,10.11,7.42,262
WBC,70,NORMA_334f7e21,4.74,9.99,7.37,277
WBC,75,NORMA_334f7e21,4.78,10.09,7.44,225
WBC,80,NORMA_334f7e21,4.61,10.29,7.45,128
WBC,85,NORMA_334f7e21,5.02,10.32,7.67,38
WBC,20,NORMA_q_age,4.69,10.02,7.35,39
WBC,25,NORMA_q_age,4.18,10.03,7.11,41
WBC,30,NORMA_q_age,4.7,10.22,7.46,57
WBC,35,NORMA_q_age,5.0,10.42,7.71,72
WBC,40,NORMA_q_age,4.63,10.17,7.4,101
WBC,45,NORMA_q_age,4.76,10.69,7.72,99
WBC,50,NORMA_q_age,4.57,10.1,7.33,169
WBC,55,NORMA_q_age,4.39,10.3,7.34,229
WBC,60,NORMA_q_age,4.53,10.3,7.42,260
WBC,65,NORMA_q_age,4.71,10.32,7.52,262
WBC,70,NORMA_q_age,4.77,10.24,7.5,277
WBC,75,NORMA_q_age,4.84,10.31,7.57,225
WBC,80,NORMA_q_age,4.38,10.57,7.47,128
WBC,85,NORMA_q_age,4.84,10.5,7.67,38
WBC,20,NORMA_q_age_set_co,4.81,10.13,7.47,39
WBC,25,NORMA_q_age_set_co,4.48,10.09,7.28,41
WBC,30,NORMA_q_age_set_co,4.76,10.37,7.57,57
WBC,35,NORMA_q_age_set_co,5.11,10.53,7.82,72
WBC,40,NORMA_q_age_set_co,5.06,10.15,7.6,101
WBC,45,NORMA_q_age_set_co,5.17,10.66,7.92,99
WBC,50,NORMA_q_age_set_co,4.83,10.17,7.5,169
WBC,55,NORMA_q_age_set_co,4.69,10.34,7.52,229
WBC,60,NORMA_q_age_set_co,4.76,10.39,7.58,260
WBC,65,NORMA_q_age_set_co,4.83,10.31,7.57,262
WBC,70,NORMA_q_age_set_co,4.85,10.3,7.58,277
WBC,75,NORMA_q_age_set_co,4.92,10.48,7.7,225
WBC,80,NORMA_q_age_set_co,4.7,10.54,7.62,128
WBC,85,NORMA_q_age_set_co,5.2,10.58,7.89,38
